[0.076s] DEBUG:colcon:Command line arguments: ['/usr/bin/colcon', 'build', '--packages-select', 'ros_tcp_endpoint']
[0.076s] DEBUG:colcon:Parsed command line arguments: Namespace(log_base=None, log_level=None, verb_name='build', build_base='build', install_base='install', merge_install=False, symlink_install=True, test_result_base=None, continue_on_error=False, executor='parallel', parallel_workers=14, event_handlers=None, ignore_user_meta=False, metas=['./colcon.meta'], base_paths=['.'], packages_ignore=None, packages_ignore_regex=None, paths=None, packages_up_to=None, packages_up_to_regex=None, packages_above=None, packages_above_and_dependencies=None, packages_above_depth=None, packages_select_by_dep=None, packages_skip_by_dep=None, packages_skip_up_to=None, packages_select_build_failed=False, packages_skip_build_finished=False, packages_select_test_failures=False, packages_skip_test_passed=False, packages_select=['ros_tcp_endpoint'], packages_skip=None, packages_select_regex=None, packages_skip_regex=None, packages_start=None, packages_end=None, cmake_args=None, cmake_target=None, cmake_target_skip_unavailable=False, cmake_clean_cache=False, cmake_clean_first=False, cmake_force_configure=False, ament_cmake_args=None, catkin_cmake_args=None, catkin_skip_building_tests=False, mixin_files=None, mixin=None, verb_parser=<colcon_mixin.mixin.mixin_argument.MixinArgumentDecorator object at 0xffffbc62cac0>, verb_extension=<colcon_core.verb.build.BuildVerb object at 0xffffbc7d19f0>, main=<bound method BuildVerb.main of <colcon_core.verb.build.BuildVerb object at 0xffffbc7d19f0>>, mixin_verb=('build',))
[0.171s] Level 1:colcon.colcon_core.package_discovery:discover_packages(colcon_meta) check parameters
[0.171s] Level 1:colcon.colcon_core.package_discovery:discover_packages(recursive) check parameters
[0.171s] Level 1:colcon.colcon_core.package_discovery:discover_packages(ignore) check parameters
[0.171s] Level 1:colcon.colcon_core.package_discovery:discover_packages(path) check parameters
[0.171s] Level 1:colcon.colcon_core.package_discovery:discover_packages(colcon_meta) discover
[0.171s] Level 1:colcon.colcon_core.package_discovery:discover_packages(recursive) discover
[0.171s] INFO:colcon.colcon_core.package_discovery:Crawling recursively for packages in '/home/smarc2user/colcon_ws/src/smarc2'
[0.172s] Level 1:colcon.colcon_core.package_identification:_identify(.) by extensions ['ignore', 'ignore_ament_install']
[0.172s] Level 1:colcon.colcon_core.package_identification:_identify(.) by extension 'ignore'
[0.172s] Level 1:colcon.colcon_core.package_identification:_identify(.) by extension 'ignore_ament_install'
[0.172s] Level 1:colcon.colcon_core.package_identification:_identify(.) by extensions ['colcon_pkg']
[0.172s] Level 1:colcon.colcon_core.package_identification:_identify(.) by extension 'colcon_pkg'
[0.173s] Level 1:colcon.colcon_core.package_identification:_identify(.) by extensions ['colcon_meta']
[0.173s] Level 1:colcon.colcon_core.package_identification:_identify(.) by extension 'colcon_meta'
[0.173s] Level 1:colcon.colcon_core.package_identification:_identify(.) by extensions ['ros']
[0.173s] Level 1:colcon.colcon_core.package_identification:_identify(.) by extension 'ros'
[0.184s] Level 1:colcon.colcon_core.package_identification:_identify(.) by extensions ['cmake', 'python']
[0.184s] Level 1:colcon.colcon_core.package_identification:_identify(.) by extension 'cmake'
[0.185s] Level 1:colcon.colcon_core.package_identification:_identify(.) by extension 'python'
[0.185s] Level 1:colcon.colcon_core.package_identification:_identify(.) by extensions ['python_setup_py']
[0.185s] Level 1:colcon.colcon_core.package_identification:_identify(.) by extension 'python_setup_py'
[0.186s] Level 1:colcon.colcon_core.package_identification:_identify(behaviours) by extensions ['ignore', 'ignore_ament_install']
[0.186s] Level 1:colcon.colcon_core.package_identification:_identify(behaviours) by extension 'ignore'
[0.186s] Level 1:colcon.colcon_core.package_identification:_identify(behaviours) by extension 'ignore_ament_install'
[0.186s] Level 1:colcon.colcon_core.package_identification:_identify(behaviours) by extensions ['colcon_pkg']
[0.186s] Level 1:colcon.colcon_core.package_identification:_identify(behaviours) by extension 'colcon_pkg'
[0.186s] Level 1:colcon.colcon_core.package_identification:_identify(behaviours) by extensions ['colcon_meta']
[0.186s] Level 1:colcon.colcon_core.package_identification:_identify(behaviours) by extension 'colcon_meta'
[0.186s] Level 1:colcon.colcon_core.package_identification:_identify(behaviours) by extensions ['ros']
[0.186s] Level 1:colcon.colcon_core.package_identification:_identify(behaviours) by extension 'ros'
[0.186s] Level 1:colcon.colcon_core.package_identification:_identify(behaviours) by extensions ['cmake', 'python']
[0.186s] Level 1:colcon.colcon_core.package_identification:_identify(behaviours) by extension 'cmake'
[0.186s] Level 1:colcon.colcon_core.package_identification:_identify(behaviours) by extension 'python'
[0.186s] Level 1:colcon.colcon_core.package_identification:_identify(behaviours) by extensions ['python_setup_py']
[0.186s] Level 1:colcon.colcon_core.package_identification:_identify(behaviours) by extension 'python_setup_py'
[0.187s] Level 1:colcon.colcon_core.package_identification:_identify(behaviours/alars) by extensions ['ignore', 'ignore_ament_install']
[0.187s] Level 1:colcon.colcon_core.package_identification:_identify(behaviours/alars) by extension 'ignore'
[0.187s] Level 1:colcon.colcon_core.package_identification:_identify(behaviours/alars) by extension 'ignore_ament_install'
[0.187s] Level 1:colcon.colcon_core.package_identification:_identify(behaviours/alars) by extensions ['colcon_pkg']
[0.187s] Level 1:colcon.colcon_core.package_identification:_identify(behaviours/alars) by extension 'colcon_pkg'
[0.187s] Level 1:colcon.colcon_core.package_identification:_identify(behaviours/alars) by extensions ['colcon_meta']
[0.187s] Level 1:colcon.colcon_core.package_identification:_identify(behaviours/alars) by extension 'colcon_meta'
[0.187s] Level 1:colcon.colcon_core.package_identification:_identify(behaviours/alars) by extensions ['ros']
[0.187s] Level 1:colcon.colcon_core.package_identification:_identify(behaviours/alars) by extension 'ros'
[0.189s] DEBUG:colcon.colcon_core.package_identification:Package 'behaviours/alars' with type 'ros.ament_python' and name 'alars'
[0.189s] Level 1:colcon.colcon_core.package_identification:_identify(behaviours/evolo) by extensions ['ignore', 'ignore_ament_install']
[0.189s] Level 1:colcon.colcon_core.package_identification:_identify(behaviours/evolo) by extension 'ignore'
[0.190s] Level 1:colcon.colcon_core.package_identification:_identify(behaviours/evolo) by extension 'ignore_ament_install'
[0.190s] Level 1:colcon.colcon_core.package_identification:_identify(behaviours/evolo) by extensions ['colcon_pkg']
[0.190s] Level 1:colcon.colcon_core.package_identification:_identify(behaviours/evolo) by extension 'colcon_pkg'
[0.190s] Level 1:colcon.colcon_core.package_identification:_identify(behaviours/evolo) by extensions ['colcon_meta']
[0.190s] Level 1:colcon.colcon_core.package_identification:_identify(behaviours/evolo) by extension 'colcon_meta'
[0.190s] Level 1:colcon.colcon_core.package_identification:_identify(behaviours/evolo) by extensions ['ros']
[0.190s] Level 1:colcon.colcon_core.package_identification:_identify(behaviours/evolo) by extension 'ros'
[0.190s] Level 1:colcon.colcon_core.package_identification:_identify(behaviours/evolo) by extensions ['cmake', 'python']
[0.190s] Level 1:colcon.colcon_core.package_identification:_identify(behaviours/evolo) by extension 'cmake'
[0.190s] Level 1:colcon.colcon_core.package_identification:_identify(behaviours/evolo) by extension 'python'
[0.190s] Level 1:colcon.colcon_core.package_identification:_identify(behaviours/evolo) by extensions ['python_setup_py']
[0.190s] Level 1:colcon.colcon_core.package_identification:_identify(behaviours/evolo) by extension 'python_setup_py'
[0.191s] Level 1:colcon.colcon_core.package_identification:_identify(behaviours/evolo/evolo_move_path) by extensions ['ignore', 'ignore_ament_install']
[0.191s] Level 1:colcon.colcon_core.package_identification:_identify(behaviours/evolo/evolo_move_path) by extension 'ignore'
[0.191s] Level 1:colcon.colcon_core.package_identification:_identify(behaviours/evolo/evolo_move_path) by extension 'ignore_ament_install'
[0.191s] Level 1:colcon.colcon_core.package_identification:_identify(behaviours/evolo/evolo_move_path) by extensions ['colcon_pkg']
[0.191s] Level 1:colcon.colcon_core.package_identification:_identify(behaviours/evolo/evolo_move_path) by extension 'colcon_pkg'
[0.192s] Level 1:colcon.colcon_core.package_identification:_identify(behaviours/evolo/evolo_move_path) by extensions ['colcon_meta']
[0.192s] Level 1:colcon.colcon_core.package_identification:_identify(behaviours/evolo/evolo_move_path) by extension 'colcon_meta'
[0.192s] Level 1:colcon.colcon_core.package_identification:_identify(behaviours/evolo/evolo_move_path) by extensions ['ros']
[0.192s] Level 1:colcon.colcon_core.package_identification:_identify(behaviours/evolo/evolo_move_path) by extension 'ros'
[0.192s] DEBUG:colcon.colcon_core.package_identification:Package 'behaviours/evolo/evolo_move_path' with type 'ros.ament_python' and name 'evolo_move_path'
[0.193s] Level 1:colcon.colcon_core.package_identification:_identify(behaviours/evolo/evolo_move_to) by extensions ['ignore', 'ignore_ament_install']
[0.193s] Level 1:colcon.colcon_core.package_identification:_identify(behaviours/evolo/evolo_move_to) by extension 'ignore'
[0.193s] Level 1:colcon.colcon_core.package_identification:_identify(behaviours/evolo/evolo_move_to) by extension 'ignore_ament_install'
[0.193s] Level 1:colcon.colcon_core.package_identification:_identify(behaviours/evolo/evolo_move_to) by extensions ['colcon_pkg']
[0.193s] Level 1:colcon.colcon_core.package_identification:_identify(behaviours/evolo/evolo_move_to) by extension 'colcon_pkg'
[0.193s] Level 1:colcon.colcon_core.package_identification:_identify(behaviours/evolo/evolo_move_to) by extensions ['colcon_meta']
[0.193s] Level 1:colcon.colcon_core.package_identification:_identify(behaviours/evolo/evolo_move_to) by extension 'colcon_meta'
[0.193s] Level 1:colcon.colcon_core.package_identification:_identify(behaviours/evolo/evolo_move_to) by extensions ['ros']
[0.193s] Level 1:colcon.colcon_core.package_identification:_identify(behaviours/evolo/evolo_move_to) by extension 'ros'
[0.194s] DEBUG:colcon.colcon_core.package_identification:Package 'behaviours/evolo/evolo_move_to' with type 'ros.ament_python' and name 'evolo_move_to'
[0.194s] Level 1:colcon.colcon_core.package_identification:_identify(behaviours/go_to_geopoint) by extensions ['ignore', 'ignore_ament_install']
[0.194s] Level 1:colcon.colcon_core.package_identification:_identify(behaviours/go_to_geopoint) by extension 'ignore'
[0.194s] Level 1:colcon.colcon_core.package_identification:_identify(behaviours/go_to_geopoint) by extension 'ignore_ament_install'
[0.195s] Level 1:colcon.colcon_core.package_identification:_identify(behaviours/go_to_geopoint) by extensions ['colcon_pkg']
[0.195s] Level 1:colcon.colcon_core.package_identification:_identify(behaviours/go_to_geopoint) by extension 'colcon_pkg'
[0.195s] Level 1:colcon.colcon_core.package_identification:_identify(behaviours/go_to_geopoint) by extensions ['colcon_meta']
[0.195s] Level 1:colcon.colcon_core.package_identification:_identify(behaviours/go_to_geopoint) by extension 'colcon_meta'
[0.195s] Level 1:colcon.colcon_core.package_identification:_identify(behaviours/go_to_geopoint) by extensions ['ros']
[0.195s] Level 1:colcon.colcon_core.package_identification:_identify(behaviours/go_to_geopoint) by extension 'ros'
[0.196s] DEBUG:colcon.colcon_core.package_identification:Package 'behaviours/go_to_geopoint' with type 'ros.ament_python' and name 'go_to_geopoint'
[0.196s] Level 1:colcon.colcon_core.package_identification:_identify(behaviours/lolo) by extensions ['ignore', 'ignore_ament_install']
[0.196s] Level 1:colcon.colcon_core.package_identification:_identify(behaviours/lolo) by extension 'ignore'
[0.196s] Level 1:colcon.colcon_core.package_identification:_identify(behaviours/lolo) by extension 'ignore_ament_install'
[0.196s] Level 1:colcon.colcon_core.package_identification:_identify(behaviours/lolo) by extensions ['colcon_pkg']
[0.196s] Level 1:colcon.colcon_core.package_identification:_identify(behaviours/lolo) by extension 'colcon_pkg'
[0.196s] Level 1:colcon.colcon_core.package_identification:_identify(behaviours/lolo) by extensions ['colcon_meta']
[0.196s] Level 1:colcon.colcon_core.package_identification:_identify(behaviours/lolo) by extension 'colcon_meta'
[0.196s] Level 1:colcon.colcon_core.package_identification:_identify(behaviours/lolo) by extensions ['ros']
[0.196s] Level 1:colcon.colcon_core.package_identification:_identify(behaviours/lolo) by extension 'ros'
[0.197s] Level 1:colcon.colcon_core.package_identification:_identify(behaviours/lolo) by extensions ['cmake', 'python']
[0.197s] Level 1:colcon.colcon_core.package_identification:_identify(behaviours/lolo) by extension 'cmake'
[0.197s] Level 1:colcon.colcon_core.package_identification:_identify(behaviours/lolo) by extension 'python'
[0.197s] Level 1:colcon.colcon_core.package_identification:_identify(behaviours/lolo) by extensions ['python_setup_py']
[0.197s] Level 1:colcon.colcon_core.package_identification:_identify(behaviours/lolo) by extension 'python_setup_py'
[0.197s] Level 1:colcon.colcon_core.package_identification:_identify(behaviours/lolo/lolo_cruise_depth_at_heading) by extensions ['ignore', 'ignore_ament_install']
[0.197s] Level 1:colcon.colcon_core.package_identification:_identify(behaviours/lolo/lolo_cruise_depth_at_heading) by extension 'ignore'
[0.197s] Level 1:colcon.colcon_core.package_identification:_identify(behaviours/lolo/lolo_cruise_depth_at_heading) by extension 'ignore_ament_install'
[0.198s] Level 1:colcon.colcon_core.package_identification:_identify(behaviours/lolo/lolo_cruise_depth_at_heading) by extensions ['colcon_pkg']
[0.198s] Level 1:colcon.colcon_core.package_identification:_identify(behaviours/lolo/lolo_cruise_depth_at_heading) by extension 'colcon_pkg'
[0.198s] Level 1:colcon.colcon_core.package_identification:_identify(behaviours/lolo/lolo_cruise_depth_at_heading) by extensions ['colcon_meta']
[0.198s] Level 1:colcon.colcon_core.package_identification:_identify(behaviours/lolo/lolo_cruise_depth_at_heading) by extension 'colcon_meta'
[0.198s] Level 1:colcon.colcon_core.package_identification:_identify(behaviours/lolo/lolo_cruise_depth_at_heading) by extensions ['ros']
[0.198s] Level 1:colcon.colcon_core.package_identification:_identify(behaviours/lolo/lolo_cruise_depth_at_heading) by extension 'ros'
[0.198s] DEBUG:colcon.colcon_core.package_identification:Package 'behaviours/lolo/lolo_cruise_depth_at_heading' with type 'ros.ament_python' and name 'lolo_cruise_depth_at_heading'
[0.199s] Level 1:colcon.colcon_core.package_identification:_identify(behaviours/lolo/lolo_depth_move_to) by extensions ['ignore', 'ignore_ament_install']
[0.199s] Level 1:colcon.colcon_core.package_identification:_identify(behaviours/lolo/lolo_depth_move_to) by extension 'ignore'
[0.199s] Level 1:colcon.colcon_core.package_identification:_identify(behaviours/lolo/lolo_depth_move_to) by extension 'ignore_ament_install'
[0.199s] Level 1:colcon.colcon_core.package_identification:_identify(behaviours/lolo/lolo_depth_move_to) by extensions ['colcon_pkg']
[0.199s] Level 1:colcon.colcon_core.package_identification:_identify(behaviours/lolo/lolo_depth_move_to) by extension 'colcon_pkg'
[0.199s] Level 1:colcon.colcon_core.package_identification:_identify(behaviours/lolo/lolo_depth_move_to) by extensions ['colcon_meta']
[0.199s] Level 1:colcon.colcon_core.package_identification:_identify(behaviours/lolo/lolo_depth_move_to) by extension 'colcon_meta'
[0.199s] Level 1:colcon.colcon_core.package_identification:_identify(behaviours/lolo/lolo_depth_move_to) by extensions ['ros']
[0.199s] Level 1:colcon.colcon_core.package_identification:_identify(behaviours/lolo/lolo_depth_move_to) by extension 'ros'
[0.200s] DEBUG:colcon.colcon_core.package_identification:Package 'behaviours/lolo/lolo_depth_move_to' with type 'ros.ament_python' and name 'lolo_depth_move_to'
[0.201s] Level 1:colcon.colcon_core.package_identification:_identify(behaviours/lolo/lolo_emergency_action) by extensions ['ignore', 'ignore_ament_install']
[0.201s] Level 1:colcon.colcon_core.package_identification:_identify(behaviours/lolo/lolo_emergency_action) by extension 'ignore'
[0.201s] Level 1:colcon.colcon_core.package_identification:_identify(behaviours/lolo/lolo_emergency_action) by extension 'ignore_ament_install'
[0.201s] Level 1:colcon.colcon_core.package_identification:_identify(behaviours/lolo/lolo_emergency_action) by extensions ['colcon_pkg']
[0.201s] Level 1:colcon.colcon_core.package_identification:_identify(behaviours/lolo/lolo_emergency_action) by extension 'colcon_pkg'
[0.201s] Level 1:colcon.colcon_core.package_identification:_identify(behaviours/lolo/lolo_emergency_action) by extensions ['colcon_meta']
[0.201s] Level 1:colcon.colcon_core.package_identification:_identify(behaviours/lolo/lolo_emergency_action) by extension 'colcon_meta'
[0.201s] Level 1:colcon.colcon_core.package_identification:_identify(behaviours/lolo/lolo_emergency_action) by extensions ['ros']
[0.201s] Level 1:colcon.colcon_core.package_identification:_identify(behaviours/lolo/lolo_emergency_action) by extension 'ros'
[0.202s] DEBUG:colcon.colcon_core.package_identification:Package 'behaviours/lolo/lolo_emergency_action' with type 'ros.ament_python' and name 'lolo_emergency_action'
[0.202s] Level 1:colcon.colcon_core.package_identification:_identify(behaviours/lolo/lolo_loiter) by extensions ['ignore', 'ignore_ament_install']
[0.202s] Level 1:colcon.colcon_core.package_identification:_identify(behaviours/lolo/lolo_loiter) by extension 'ignore'
[0.202s] Level 1:colcon.colcon_core.package_identification:_identify(behaviours/lolo/lolo_loiter) by extension 'ignore_ament_install'
[0.203s] Level 1:colcon.colcon_core.package_identification:_identify(behaviours/lolo/lolo_loiter) by extensions ['colcon_pkg']
[0.203s] Level 1:colcon.colcon_core.package_identification:_identify(behaviours/lolo/lolo_loiter) by extension 'colcon_pkg'
[0.203s] Level 1:colcon.colcon_core.package_identification:_identify(behaviours/lolo/lolo_loiter) by extensions ['colcon_meta']
[0.203s] Level 1:colcon.colcon_core.package_identification:_identify(behaviours/lolo/lolo_loiter) by extension 'colcon_meta'
[0.203s] Level 1:colcon.colcon_core.package_identification:_identify(behaviours/lolo/lolo_loiter) by extensions ['ros']
[0.203s] Level 1:colcon.colcon_core.package_identification:_identify(behaviours/lolo/lolo_loiter) by extension 'ros'
[0.203s] DEBUG:colcon.colcon_core.package_identification:Package 'behaviours/lolo/lolo_loiter' with type 'ros.ament_python' and name 'lolo_loiter'
[0.204s] Level 1:colcon.colcon_core.package_identification:_identify(behaviours/lolo/lolo_prox_ops) by extensions ['ignore', 'ignore_ament_install']
[0.204s] Level 1:colcon.colcon_core.package_identification:_identify(behaviours/lolo/lolo_prox_ops) by extension 'ignore'
[0.204s] Level 1:colcon.colcon_core.package_identification:_identify(behaviours/lolo/lolo_prox_ops) by extension 'ignore_ament_install'
[0.204s] Level 1:colcon.colcon_core.package_identification:_identify(behaviours/lolo/lolo_prox_ops) by extensions ['colcon_pkg']
[0.204s] Level 1:colcon.colcon_core.package_identification:_identify(behaviours/lolo/lolo_prox_ops) by extension 'colcon_pkg'
[0.204s] Level 1:colcon.colcon_core.package_identification:_identify(behaviours/lolo/lolo_prox_ops) by extensions ['colcon_meta']
[0.204s] Level 1:colcon.colcon_core.package_identification:_identify(behaviours/lolo/lolo_prox_ops) by extension 'colcon_meta'
[0.204s] Level 1:colcon.colcon_core.package_identification:_identify(behaviours/lolo/lolo_prox_ops) by extensions ['ros']
[0.204s] Level 1:colcon.colcon_core.package_identification:_identify(behaviours/lolo/lolo_prox_ops) by extension 'ros'
[0.205s] DEBUG:colcon.colcon_core.package_identification:Package 'behaviours/lolo/lolo_prox_ops' with type 'ros.ament_python' and name 'lolo_prox_ops'
[0.205s] Level 1:colcon.colcon_core.package_identification:_identify(behaviours/lolo/virtual_lolo) by extensions ['ignore', 'ignore_ament_install']
[0.205s] Level 1:colcon.colcon_core.package_identification:_identify(behaviours/lolo/virtual_lolo) by extension 'ignore'
[0.205s] Level 1:colcon.colcon_core.package_identification:_identify(behaviours/lolo/virtual_lolo) by extension 'ignore_ament_install'
[0.205s] Level 1:colcon.colcon_core.package_identification:_identify(behaviours/lolo/virtual_lolo) by extensions ['colcon_pkg']
[0.206s] Level 1:colcon.colcon_core.package_identification:_identify(behaviours/lolo/virtual_lolo) by extension 'colcon_pkg'
[0.206s] Level 1:colcon.colcon_core.package_identification:_identify(behaviours/lolo/virtual_lolo) by extensions ['colcon_meta']
[0.206s] Level 1:colcon.colcon_core.package_identification:_identify(behaviours/lolo/virtual_lolo) by extension 'colcon_meta'
[0.206s] Level 1:colcon.colcon_core.package_identification:_identify(behaviours/lolo/virtual_lolo) by extensions ['ros']
[0.206s] Level 1:colcon.colcon_core.package_identification:_identify(behaviours/lolo/virtual_lolo) by extension 'ros'
[0.206s] DEBUG:colcon.colcon_core.package_identification:Package 'behaviours/lolo/virtual_lolo' with type 'ros.ament_python' and name 'virtual_lolo'
[0.207s] Level 1:colcon.colcon_core.package_identification:_identify(behaviours/sam) by extensions ['ignore', 'ignore_ament_install']
[0.207s] Level 1:colcon.colcon_core.package_identification:_identify(behaviours/sam) by extension 'ignore'
[0.207s] Level 1:colcon.colcon_core.package_identification:_identify(behaviours/sam) by extension 'ignore_ament_install'
[0.207s] Level 1:colcon.colcon_core.package_identification:_identify(behaviours/sam) by extensions ['colcon_pkg']
[0.207s] Level 1:colcon.colcon_core.package_identification:_identify(behaviours/sam) by extension 'colcon_pkg'
[0.207s] Level 1:colcon.colcon_core.package_identification:_identify(behaviours/sam) by extensions ['colcon_meta']
[0.207s] Level 1:colcon.colcon_core.package_identification:_identify(behaviours/sam) by extension 'colcon_meta'
[0.207s] Level 1:colcon.colcon_core.package_identification:_identify(behaviours/sam) by extensions ['ros']
[0.207s] Level 1:colcon.colcon_core.package_identification:_identify(behaviours/sam) by extension 'ros'
[0.207s] Level 1:colcon.colcon_core.package_identification:_identify(behaviours/sam) by extensions ['cmake', 'python']
[0.207s] Level 1:colcon.colcon_core.package_identification:_identify(behaviours/sam) by extension 'cmake'
[0.207s] Level 1:colcon.colcon_core.package_identification:_identify(behaviours/sam) by extension 'python'
[0.207s] Level 1:colcon.colcon_core.package_identification:_identify(behaviours/sam) by extensions ['python_setup_py']
[0.208s] Level 1:colcon.colcon_core.package_identification:_identify(behaviours/sam) by extension 'python_setup_py'
[0.208s] Level 1:colcon.colcon_core.package_identification:_identify(behaviours/sam/go_to_hydrobaticpoint) by extensions ['ignore', 'ignore_ament_install']
[0.208s] Level 1:colcon.colcon_core.package_identification:_identify(behaviours/sam/go_to_hydrobaticpoint) by extension 'ignore'
[0.208s] Level 1:colcon.colcon_core.package_identification:_identify(behaviours/sam/go_to_hydrobaticpoint) by extension 'ignore_ament_install'
[0.208s] Level 1:colcon.colcon_core.package_identification:_identify(behaviours/sam/go_to_hydrobaticpoint) by extensions ['colcon_pkg']
[0.208s] Level 1:colcon.colcon_core.package_identification:_identify(behaviours/sam/go_to_hydrobaticpoint) by extension 'colcon_pkg'
[0.208s] Level 1:colcon.colcon_core.package_identification:_identify(behaviours/sam/go_to_hydrobaticpoint) by extensions ['colcon_meta']
[0.208s] Level 1:colcon.colcon_core.package_identification:_identify(behaviours/sam/go_to_hydrobaticpoint) by extension 'colcon_meta'
[0.208s] Level 1:colcon.colcon_core.package_identification:_identify(behaviours/sam/go_to_hydrobaticpoint) by extensions ['ros']
[0.209s] Level 1:colcon.colcon_core.package_identification:_identify(behaviours/sam/go_to_hydrobaticpoint) by extension 'ros'
[0.209s] DEBUG:colcon.colcon_core.package_identification:Package 'behaviours/sam/go_to_hydrobaticpoint' with type 'ros.ament_python' and name 'go_to_hydrobaticpoint'
[0.210s] Level 1:colcon.colcon_core.package_identification:_identify(behaviours/sam/sam_diving_controller) by extensions ['ignore', 'ignore_ament_install']
[0.210s] Level 1:colcon.colcon_core.package_identification:_identify(behaviours/sam/sam_diving_controller) by extension 'ignore'
[0.210s] Level 1:colcon.colcon_core.package_identification:_identify(behaviours/sam/sam_diving_controller) by extension 'ignore_ament_install'
[0.210s] Level 1:colcon.colcon_core.package_identification:_identify(behaviours/sam/sam_diving_controller) by extensions ['colcon_pkg']
[0.210s] Level 1:colcon.colcon_core.package_identification:_identify(behaviours/sam/sam_diving_controller) by extension 'colcon_pkg'
[0.210s] Level 1:colcon.colcon_core.package_identification:_identify(behaviours/sam/sam_diving_controller) by extensions ['colcon_meta']
[0.210s] Level 1:colcon.colcon_core.package_identification:_identify(behaviours/sam/sam_diving_controller) by extension 'colcon_meta'
[0.210s] Level 1:colcon.colcon_core.package_identification:_identify(behaviours/sam/sam_diving_controller) by extensions ['ros']
[0.210s] Level 1:colcon.colcon_core.package_identification:_identify(behaviours/sam/sam_diving_controller) by extension 'ros'
[0.211s] DEBUG:colcon.colcon_core.package_identification:Package 'behaviours/sam/sam_diving_controller' with type 'ros.ament_python' and name 'sam_diving_controller'
[0.211s] Level 1:colcon.colcon_core.package_identification:_identify(behaviours/sam/sam_emergency_action) by extensions ['ignore', 'ignore_ament_install']
[0.211s] Level 1:colcon.colcon_core.package_identification:_identify(behaviours/sam/sam_emergency_action) by extension 'ignore'
[0.211s] Level 1:colcon.colcon_core.package_identification:_identify(behaviours/sam/sam_emergency_action) by extension 'ignore_ament_install'
[0.211s] Level 1:colcon.colcon_core.package_identification:_identify(behaviours/sam/sam_emergency_action) by extensions ['colcon_pkg']
[0.211s] Level 1:colcon.colcon_core.package_identification:_identify(behaviours/sam/sam_emergency_action) by extension 'colcon_pkg'
[0.211s] Level 1:colcon.colcon_core.package_identification:_identify(behaviours/sam/sam_emergency_action) by extensions ['colcon_meta']
[0.211s] Level 1:colcon.colcon_core.package_identification:_identify(behaviours/sam/sam_emergency_action) by extension 'colcon_meta'
[0.211s] Level 1:colcon.colcon_core.package_identification:_identify(behaviours/sam/sam_emergency_action) by extensions ['ros']
[0.212s] Level 1:colcon.colcon_core.package_identification:_identify(behaviours/sam/sam_emergency_action) by extension 'ros'
[0.212s] DEBUG:colcon.colcon_core.package_identification:Package 'behaviours/sam/sam_emergency_action' with type 'ros.ament_python' and name 'sam_emergency_action'
[0.213s] Level 1:colcon.colcon_core.package_identification:_identify(behaviours/sam/sam_path_following) by extensions ['ignore', 'ignore_ament_install']
[0.213s] Level 1:colcon.colcon_core.package_identification:_identify(behaviours/sam/sam_path_following) by extension 'ignore'
[0.213s] Level 1:colcon.colcon_core.package_identification:_identify(behaviours/sam/sam_path_following) by extension 'ignore_ament_install'
[0.213s] Level 1:colcon.colcon_core.package_identification:_identify(behaviours/sam/sam_path_following) by extensions ['colcon_pkg']
[0.213s] Level 1:colcon.colcon_core.package_identification:_identify(behaviours/sam/sam_path_following) by extension 'colcon_pkg'
[0.213s] Level 1:colcon.colcon_core.package_identification:_identify(behaviours/sam/sam_path_following) by extensions ['colcon_meta']
[0.213s] Level 1:colcon.colcon_core.package_identification:_identify(behaviours/sam/sam_path_following) by extension 'colcon_meta'
[0.213s] Level 1:colcon.colcon_core.package_identification:_identify(behaviours/sam/sam_path_following) by extensions ['ros']
[0.213s] Level 1:colcon.colcon_core.package_identification:_identify(behaviours/sam/sam_path_following) by extension 'ros'
[0.213s] DEBUG:colcon.colcon_core.package_identification:Package 'behaviours/sam/sam_path_following' with type 'ros.ament_python' and name 'sam_path_following'
[0.214s] Level 1:colcon.colcon_core.package_identification:_identify(behaviours/smarc_action_base) by extensions ['ignore', 'ignore_ament_install']
[0.214s] Level 1:colcon.colcon_core.package_identification:_identify(behaviours/smarc_action_base) by extension 'ignore'
[0.214s] Level 1:colcon.colcon_core.package_identification:_identify(behaviours/smarc_action_base) by extension 'ignore_ament_install'
[0.214s] Level 1:colcon.colcon_core.package_identification:_identify(behaviours/smarc_action_base) by extensions ['colcon_pkg']
[0.214s] Level 1:colcon.colcon_core.package_identification:_identify(behaviours/smarc_action_base) by extension 'colcon_pkg'
[0.214s] Level 1:colcon.colcon_core.package_identification:_identify(behaviours/smarc_action_base) by extensions ['colcon_meta']
[0.215s] Level 1:colcon.colcon_core.package_identification:_identify(behaviours/smarc_action_base) by extension 'colcon_meta'
[0.215s] Level 1:colcon.colcon_core.package_identification:_identify(behaviours/smarc_action_base) by extensions ['ros']
[0.215s] Level 1:colcon.colcon_core.package_identification:_identify(behaviours/smarc_action_base) by extension 'ros'
[0.215s] DEBUG:colcon.colcon_core.package_identification:Package 'behaviours/smarc_action_base' with type 'ros.ament_python' and name 'smarc_action_base'
[0.216s] Level 1:colcon.colcon_core.package_identification:_identify(behaviours/wasp_bt) by extensions ['ignore', 'ignore_ament_install']
[0.216s] Level 1:colcon.colcon_core.package_identification:_identify(behaviours/wasp_bt) by extension 'ignore'
[0.216s] Level 1:colcon.colcon_core.package_identification:_identify(behaviours/wasp_bt) by extension 'ignore_ament_install'
[0.216s] Level 1:colcon.colcon_core.package_identification:_identify(behaviours/wasp_bt) by extensions ['colcon_pkg']
[0.216s] Level 1:colcon.colcon_core.package_identification:_identify(behaviours/wasp_bt) by extension 'colcon_pkg'
[0.216s] Level 1:colcon.colcon_core.package_identification:_identify(behaviours/wasp_bt) by extensions ['colcon_meta']
[0.216s] Level 1:colcon.colcon_core.package_identification:_identify(behaviours/wasp_bt) by extension 'colcon_meta'
[0.216s] Level 1:colcon.colcon_core.package_identification:_identify(behaviours/wasp_bt) by extensions ['ros']
[0.216s] Level 1:colcon.colcon_core.package_identification:_identify(behaviours/wasp_bt) by extension 'ros'
[0.217s] DEBUG:colcon.colcon_core.package_identification:Package 'behaviours/wasp_bt' with type 'ros.ament_python' and name 'wasp_bt'
[0.217s] Level 1:colcon.colcon_core.package_identification:_identify(build) by extensions ['ignore', 'ignore_ament_install']
[0.217s] Level 1:colcon.colcon_core.package_identification:_identify(build) by extension 'ignore'
[0.217s] Level 1:colcon.colcon_core.package_identification:_identify(build) ignored
[0.218s] Level 1:colcon.colcon_core.package_identification:_identify(controllers) by extensions ['ignore', 'ignore_ament_install']
[0.218s] Level 1:colcon.colcon_core.package_identification:_identify(controllers) by extension 'ignore'
[0.218s] Level 1:colcon.colcon_core.package_identification:_identify(controllers) by extension 'ignore_ament_install'
[0.218s] Level 1:colcon.colcon_core.package_identification:_identify(controllers) by extensions ['colcon_pkg']
[0.218s] Level 1:colcon.colcon_core.package_identification:_identify(controllers) by extension 'colcon_pkg'
[0.218s] Level 1:colcon.colcon_core.package_identification:_identify(controllers) by extensions ['colcon_meta']
[0.218s] Level 1:colcon.colcon_core.package_identification:_identify(controllers) by extension 'colcon_meta'
[0.218s] Level 1:colcon.colcon_core.package_identification:_identify(controllers) by extensions ['ros']
[0.218s] Level 1:colcon.colcon_core.package_identification:_identify(controllers) by extension 'ros'
[0.218s] Level 1:colcon.colcon_core.package_identification:_identify(controllers) by extensions ['cmake', 'python']
[0.218s] Level 1:colcon.colcon_core.package_identification:_identify(controllers) by extension 'cmake'
[0.218s] Level 1:colcon.colcon_core.package_identification:_identify(controllers) by extension 'python'
[0.218s] Level 1:colcon.colcon_core.package_identification:_identify(controllers) by extensions ['python_setup_py']
[0.218s] Level 1:colcon.colcon_core.package_identification:_identify(controllers) by extension 'python_setup_py'
[0.219s] Level 1:colcon.colcon_core.package_identification:_identify(controllers/evolo) by extensions ['ignore', 'ignore_ament_install']
[0.219s] Level 1:colcon.colcon_core.package_identification:_identify(controllers/evolo) by extension 'ignore'
[0.219s] Level 1:colcon.colcon_core.package_identification:_identify(controllers/evolo) by extension 'ignore_ament_install'
[0.219s] Level 1:colcon.colcon_core.package_identification:_identify(controllers/evolo) by extensions ['colcon_pkg']
[0.219s] Level 1:colcon.colcon_core.package_identification:_identify(controllers/evolo) by extension 'colcon_pkg'
[0.219s] Level 1:colcon.colcon_core.package_identification:_identify(controllers/evolo) by extensions ['colcon_meta']
[0.219s] Level 1:colcon.colcon_core.package_identification:_identify(controllers/evolo) by extension 'colcon_meta'
[0.219s] Level 1:colcon.colcon_core.package_identification:_identify(controllers/evolo) by extensions ['ros']
[0.219s] Level 1:colcon.colcon_core.package_identification:_identify(controllers/evolo) by extension 'ros'
[0.219s] Level 1:colcon.colcon_core.package_identification:_identify(controllers/evolo) by extensions ['cmake', 'python']
[0.219s] Level 1:colcon.colcon_core.package_identification:_identify(controllers/evolo) by extension 'cmake'
[0.219s] Level 1:colcon.colcon_core.package_identification:_identify(controllers/evolo) by extension 'python'
[0.219s] Level 1:colcon.colcon_core.package_identification:_identify(controllers/evolo) by extensions ['python_setup_py']
[0.220s] Level 1:colcon.colcon_core.package_identification:_identify(controllers/evolo) by extension 'python_setup_py'
[0.220s] Level 1:colcon.colcon_core.package_identification:_identify(controllers/evolo/evolo_controllers) by extensions ['ignore', 'ignore_ament_install']
[0.220s] Level 1:colcon.colcon_core.package_identification:_identify(controllers/evolo/evolo_controllers) by extension 'ignore'
[0.220s] Level 1:colcon.colcon_core.package_identification:_identify(controllers/evolo/evolo_controllers) by extension 'ignore_ament_install'
[0.220s] Level 1:colcon.colcon_core.package_identification:_identify(controllers/evolo/evolo_controllers) by extensions ['colcon_pkg']
[0.220s] Level 1:colcon.colcon_core.package_identification:_identify(controllers/evolo/evolo_controllers) by extension 'colcon_pkg'
[0.220s] Level 1:colcon.colcon_core.package_identification:_identify(controllers/evolo/evolo_controllers) by extensions ['colcon_meta']
[0.220s] Level 1:colcon.colcon_core.package_identification:_identify(controllers/evolo/evolo_controllers) by extension 'colcon_meta'
[0.220s] Level 1:colcon.colcon_core.package_identification:_identify(controllers/evolo/evolo_controllers) by extensions ['ros']
[0.220s] Level 1:colcon.colcon_core.package_identification:_identify(controllers/evolo/evolo_controllers) by extension 'ros'
[0.221s] DEBUG:colcon.colcon_core.package_identification:Package 'controllers/evolo/evolo_controllers' with type 'ros.ament_python' and name 'evolo_controllers'
[0.221s] Level 1:colcon.colcon_core.package_identification:_identify(controllers/lolo) by extensions ['ignore', 'ignore_ament_install']
[0.221s] Level 1:colcon.colcon_core.package_identification:_identify(controllers/lolo) by extension 'ignore'
[0.221s] Level 1:colcon.colcon_core.package_identification:_identify(controllers/lolo) by extension 'ignore_ament_install'
[0.221s] Level 1:colcon.colcon_core.package_identification:_identify(controllers/lolo) by extensions ['colcon_pkg']
[0.221s] Level 1:colcon.colcon_core.package_identification:_identify(controllers/lolo) by extension 'colcon_pkg'
[0.221s] Level 1:colcon.colcon_core.package_identification:_identify(controllers/lolo) by extensions ['colcon_meta']
[0.222s] Level 1:colcon.colcon_core.package_identification:_identify(controllers/lolo) by extension 'colcon_meta'
[0.222s] Level 1:colcon.colcon_core.package_identification:_identify(controllers/lolo) by extensions ['ros']
[0.222s] Level 1:colcon.colcon_core.package_identification:_identify(controllers/lolo) by extension 'ros'
[0.222s] Level 1:colcon.colcon_core.package_identification:_identify(controllers/lolo) by extensions ['cmake', 'python']
[0.222s] Level 1:colcon.colcon_core.package_identification:_identify(controllers/lolo) by extension 'cmake'
[0.222s] Level 1:colcon.colcon_core.package_identification:_identify(controllers/lolo) by extension 'python'
[0.222s] Level 1:colcon.colcon_core.package_identification:_identify(controllers/lolo) by extensions ['python_setup_py']
[0.222s] Level 1:colcon.colcon_core.package_identification:_identify(controllers/lolo) by extension 'python_setup_py'
[0.223s] Level 1:colcon.colcon_core.package_identification:_identify(controllers/lolo/lolo_controllers) by extensions ['ignore', 'ignore_ament_install']
[0.223s] Level 1:colcon.colcon_core.package_identification:_identify(controllers/lolo/lolo_controllers) by extension 'ignore'
[0.223s] Level 1:colcon.colcon_core.package_identification:_identify(controllers/lolo/lolo_controllers) by extension 'ignore_ament_install'
[0.223s] Level 1:colcon.colcon_core.package_identification:_identify(controllers/lolo/lolo_controllers) by extensions ['colcon_pkg']
[0.223s] Level 1:colcon.colcon_core.package_identification:_identify(controllers/lolo/lolo_controllers) by extension 'colcon_pkg'
[0.223s] Level 1:colcon.colcon_core.package_identification:_identify(controllers/lolo/lolo_controllers) by extensions ['colcon_meta']
[0.223s] Level 1:colcon.colcon_core.package_identification:_identify(controllers/lolo/lolo_controllers) by extension 'colcon_meta'
[0.223s] Level 1:colcon.colcon_core.package_identification:_identify(controllers/lolo/lolo_controllers) by extensions ['ros']
[0.223s] Level 1:colcon.colcon_core.package_identification:_identify(controllers/lolo/lolo_controllers) by extension 'ros'
[0.224s] DEBUG:colcon.colcon_core.package_identification:Package 'controllers/lolo/lolo_controllers' with type 'ros.ament_python' and name 'lolo_controllers'
[0.224s] Level 1:colcon.colcon_core.package_identification:_identify(docker) by extensions ['ignore', 'ignore_ament_install']
[0.224s] Level 1:colcon.colcon_core.package_identification:_identify(docker) by extension 'ignore'
[0.224s] Level 1:colcon.colcon_core.package_identification:_identify(docker) by extension 'ignore_ament_install'
[0.224s] Level 1:colcon.colcon_core.package_identification:_identify(docker) by extensions ['colcon_pkg']
[0.224s] Level 1:colcon.colcon_core.package_identification:_identify(docker) by extension 'colcon_pkg'
[0.224s] Level 1:colcon.colcon_core.package_identification:_identify(docker) by extensions ['colcon_meta']
[0.225s] Level 1:colcon.colcon_core.package_identification:_identify(docker) by extension 'colcon_meta'
[0.225s] Level 1:colcon.colcon_core.package_identification:_identify(docker) by extensions ['ros']
[0.225s] Level 1:colcon.colcon_core.package_identification:_identify(docker) by extension 'ros'
[0.225s] Level 1:colcon.colcon_core.package_identification:_identify(docker) by extensions ['cmake', 'python']
[0.225s] Level 1:colcon.colcon_core.package_identification:_identify(docker) by extension 'cmake'
[0.225s] Level 1:colcon.colcon_core.package_identification:_identify(docker) by extension 'python'
[0.225s] Level 1:colcon.colcon_core.package_identification:_identify(docker) by extensions ['python_setup_py']
[0.225s] Level 1:colcon.colcon_core.package_identification:_identify(docker) by extension 'python_setup_py'
[0.226s] Level 1:colcon.colcon_core.package_identification:_identify(documentation) by extensions ['ignore', 'ignore_ament_install']
[0.226s] Level 1:colcon.colcon_core.package_identification:_identify(documentation) by extension 'ignore'
[0.226s] Level 1:colcon.colcon_core.package_identification:_identify(documentation) by extension 'ignore_ament_install'
[0.226s] Level 1:colcon.colcon_core.package_identification:_identify(documentation) by extensions ['colcon_pkg']
[0.226s] Level 1:colcon.colcon_core.package_identification:_identify(documentation) by extension 'colcon_pkg'
[0.226s] Level 1:colcon.colcon_core.package_identification:_identify(documentation) by extensions ['colcon_meta']
[0.226s] Level 1:colcon.colcon_core.package_identification:_identify(documentation) by extension 'colcon_meta'
[0.226s] Level 1:colcon.colcon_core.package_identification:_identify(documentation) by extensions ['ros']
[0.226s] Level 1:colcon.colcon_core.package_identification:_identify(documentation) by extension 'ros'
[0.226s] Level 1:colcon.colcon_core.package_identification:_identify(documentation) by extensions ['cmake', 'python']
[0.226s] Level 1:colcon.colcon_core.package_identification:_identify(documentation) by extension 'cmake'
[0.227s] Level 1:colcon.colcon_core.package_identification:_identify(documentation) by extension 'python'
[0.227s] Level 1:colcon.colcon_core.package_identification:_identify(documentation) by extensions ['python_setup_py']
[0.227s] Level 1:colcon.colcon_core.package_identification:_identify(documentation) by extension 'python_setup_py'
[0.227s] Level 1:colcon.colcon_core.package_identification:_identify(documentation/media) by extensions ['ignore', 'ignore_ament_install']
[0.227s] Level 1:colcon.colcon_core.package_identification:_identify(documentation/media) by extension 'ignore'
[0.227s] Level 1:colcon.colcon_core.package_identification:_identify(documentation/media) by extension 'ignore_ament_install'
[0.227s] Level 1:colcon.colcon_core.package_identification:_identify(documentation/media) by extensions ['colcon_pkg']
[0.227s] Level 1:colcon.colcon_core.package_identification:_identify(documentation/media) by extension 'colcon_pkg'
[0.227s] Level 1:colcon.colcon_core.package_identification:_identify(documentation/media) by extensions ['colcon_meta']
[0.227s] Level 1:colcon.colcon_core.package_identification:_identify(documentation/media) by extension 'colcon_meta'
[0.228s] Level 1:colcon.colcon_core.package_identification:_identify(documentation/media) by extensions ['ros']
[0.228s] Level 1:colcon.colcon_core.package_identification:_identify(documentation/media) by extension 'ros'
[0.228s] Level 1:colcon.colcon_core.package_identification:_identify(documentation/media) by extensions ['cmake', 'python']
[0.228s] Level 1:colcon.colcon_core.package_identification:_identify(documentation/media) by extension 'cmake'
[0.228s] Level 1:colcon.colcon_core.package_identification:_identify(documentation/media) by extension 'python'
[0.228s] Level 1:colcon.colcon_core.package_identification:_identify(documentation/media) by extensions ['python_setup_py']
[0.228s] Level 1:colcon.colcon_core.package_identification:_identify(documentation/media) by extension 'python_setup_py'
[0.228s] Level 1:colcon.colcon_core.package_identification:_identify(documentation/media/delays) by extensions ['ignore', 'ignore_ament_install']
[0.229s] Level 1:colcon.colcon_core.package_identification:_identify(documentation/media/delays) by extension 'ignore'
[0.229s] Level 1:colcon.colcon_core.package_identification:_identify(documentation/media/delays) by extension 'ignore_ament_install'
[0.229s] Level 1:colcon.colcon_core.package_identification:_identify(documentation/media/delays) by extensions ['colcon_pkg']
[0.229s] Level 1:colcon.colcon_core.package_identification:_identify(documentation/media/delays) by extension 'colcon_pkg'
[0.229s] Level 1:colcon.colcon_core.package_identification:_identify(documentation/media/delays) by extensions ['colcon_meta']
[0.229s] Level 1:colcon.colcon_core.package_identification:_identify(documentation/media/delays) by extension 'colcon_meta'
[0.229s] Level 1:colcon.colcon_core.package_identification:_identify(documentation/media/delays) by extensions ['ros']
[0.229s] Level 1:colcon.colcon_core.package_identification:_identify(documentation/media/delays) by extension 'ros'
[0.229s] Level 1:colcon.colcon_core.package_identification:_identify(documentation/media/delays) by extensions ['cmake', 'python']
[0.229s] Level 1:colcon.colcon_core.package_identification:_identify(documentation/media/delays) by extension 'cmake'
[0.229s] Level 1:colcon.colcon_core.package_identification:_identify(documentation/media/delays) by extension 'python'
[0.229s] Level 1:colcon.colcon_core.package_identification:_identify(documentation/media/delays) by extensions ['python_setup_py']
[0.229s] Level 1:colcon.colcon_core.package_identification:_identify(documentation/media/delays) by extension 'python_setup_py'
[0.230s] Level 1:colcon.colcon_core.package_identification:_identify(documentation/smarc2-obsidian) by extensions ['ignore', 'ignore_ament_install']
[0.230s] Level 1:colcon.colcon_core.package_identification:_identify(documentation/smarc2-obsidian) by extension 'ignore'
[0.230s] Level 1:colcon.colcon_core.package_identification:_identify(documentation/smarc2-obsidian) by extension 'ignore_ament_install'
[0.230s] Level 1:colcon.colcon_core.package_identification:_identify(documentation/smarc2-obsidian) by extensions ['colcon_pkg']
[0.230s] Level 1:colcon.colcon_core.package_identification:_identify(documentation/smarc2-obsidian) by extension 'colcon_pkg'
[0.230s] Level 1:colcon.colcon_core.package_identification:_identify(documentation/smarc2-obsidian) by extensions ['colcon_meta']
[0.230s] Level 1:colcon.colcon_core.package_identification:_identify(documentation/smarc2-obsidian) by extension 'colcon_meta'
[0.230s] Level 1:colcon.colcon_core.package_identification:_identify(documentation/smarc2-obsidian) by extensions ['ros']
[0.230s] Level 1:colcon.colcon_core.package_identification:_identify(documentation/smarc2-obsidian) by extension 'ros'
[0.230s] Level 1:colcon.colcon_core.package_identification:_identify(documentation/smarc2-obsidian) by extensions ['cmake', 'python']
[0.230s] Level 1:colcon.colcon_core.package_identification:_identify(documentation/smarc2-obsidian) by extension 'cmake'
[0.230s] Level 1:colcon.colcon_core.package_identification:_identify(documentation/smarc2-obsidian) by extension 'python'
[0.230s] Level 1:colcon.colcon_core.package_identification:_identify(documentation/smarc2-obsidian) by extensions ['python_setup_py']
[0.230s] Level 1:colcon.colcon_core.package_identification:_identify(documentation/smarc2-obsidian) by extension 'python_setup_py'
[0.231s] Level 1:colcon.colcon_core.package_identification:_identify(drivers) by extensions ['ignore', 'ignore_ament_install']
[0.231s] Level 1:colcon.colcon_core.package_identification:_identify(drivers) by extension 'ignore'
[0.231s] Level 1:colcon.colcon_core.package_identification:_identify(drivers) by extension 'ignore_ament_install'
[0.231s] Level 1:colcon.colcon_core.package_identification:_identify(drivers) by extensions ['colcon_pkg']
[0.231s] Level 1:colcon.colcon_core.package_identification:_identify(drivers) by extension 'colcon_pkg'
[0.231s] Level 1:colcon.colcon_core.package_identification:_identify(drivers) by extensions ['colcon_meta']
[0.231s] Level 1:colcon.colcon_core.package_identification:_identify(drivers) by extension 'colcon_meta'
[0.231s] Level 1:colcon.colcon_core.package_identification:_identify(drivers) by extensions ['ros']
[0.231s] Level 1:colcon.colcon_core.package_identification:_identify(drivers) by extension 'ros'
[0.231s] Level 1:colcon.colcon_core.package_identification:_identify(drivers) by extensions ['cmake', 'python']
[0.231s] Level 1:colcon.colcon_core.package_identification:_identify(drivers) by extension 'cmake'
[0.231s] Level 1:colcon.colcon_core.package_identification:_identify(drivers) by extension 'python'
[0.231s] Level 1:colcon.colcon_core.package_identification:_identify(drivers) by extensions ['python_setup_py']
[0.232s] Level 1:colcon.colcon_core.package_identification:_identify(drivers) by extension 'python_setup_py'
[0.232s] Level 1:colcon.colcon_core.package_identification:_identify(drivers/dvl-a50-ros-driver) by extensions ['ignore', 'ignore_ament_install']
[0.232s] Level 1:colcon.colcon_core.package_identification:_identify(drivers/dvl-a50-ros-driver) by extension 'ignore'
[0.232s] Level 1:colcon.colcon_core.package_identification:_identify(drivers/dvl-a50-ros-driver) by extension 'ignore_ament_install'
[0.232s] Level 1:colcon.colcon_core.package_identification:_identify(drivers/dvl-a50-ros-driver) by extensions ['colcon_pkg']
[0.232s] Level 1:colcon.colcon_core.package_identification:_identify(drivers/dvl-a50-ros-driver) by extension 'colcon_pkg'
[0.232s] Level 1:colcon.colcon_core.package_identification:_identify(drivers/dvl-a50-ros-driver) by extensions ['colcon_meta']
[0.232s] Level 1:colcon.colcon_core.package_identification:_identify(drivers/dvl-a50-ros-driver) by extension 'colcon_meta'
[0.232s] Level 1:colcon.colcon_core.package_identification:_identify(drivers/dvl-a50-ros-driver) by extensions ['ros']
[0.232s] Level 1:colcon.colcon_core.package_identification:_identify(drivers/dvl-a50-ros-driver) by extension 'ros'
[0.232s] Level 1:colcon.colcon_core.package_identification:_identify(drivers/dvl-a50-ros-driver) by extensions ['cmake', 'python']
[0.232s] Level 1:colcon.colcon_core.package_identification:_identify(drivers/dvl-a50-ros-driver) by extension 'cmake'
[0.233s] Level 1:colcon.colcon_core.package_identification:_identify(drivers/dvl-a50-ros-driver) by extension 'python'
[0.233s] Level 1:colcon.colcon_core.package_identification:_identify(drivers/dvl-a50-ros-driver) by extensions ['python_setup_py']
[0.233s] Level 1:colcon.colcon_core.package_identification:_identify(drivers/dvl-a50-ros-driver) by extension 'python_setup_py'
[0.233s] Level 1:colcon.colcon_core.package_identification:_identify(drivers/nau7802_ros2_driver) by extensions ['ignore', 'ignore_ament_install']
[0.233s] Level 1:colcon.colcon_core.package_identification:_identify(drivers/nau7802_ros2_driver) by extension 'ignore'
[0.233s] Level 1:colcon.colcon_core.package_identification:_identify(drivers/nau7802_ros2_driver) by extension 'ignore_ament_install'
[0.233s] Level 1:colcon.colcon_core.package_identification:_identify(drivers/nau7802_ros2_driver) by extensions ['colcon_pkg']
[0.233s] Level 1:colcon.colcon_core.package_identification:_identify(drivers/nau7802_ros2_driver) by extension 'colcon_pkg'
[0.233s] Level 1:colcon.colcon_core.package_identification:_identify(drivers/nau7802_ros2_driver) by extensions ['colcon_meta']
[0.233s] Level 1:colcon.colcon_core.package_identification:_identify(drivers/nau7802_ros2_driver) by extension 'colcon_meta'
[0.233s] Level 1:colcon.colcon_core.package_identification:_identify(drivers/nau7802_ros2_driver) by extensions ['ros']
[0.233s] Level 1:colcon.colcon_core.package_identification:_identify(drivers/nau7802_ros2_driver) by extension 'ros'
[0.234s] Level 1:colcon.colcon_core.package_identification:_identify(drivers/nau7802_ros2_driver) by extensions ['cmake', 'python']
[0.234s] Level 1:colcon.colcon_core.package_identification:_identify(drivers/nau7802_ros2_driver) by extension 'cmake'
[0.234s] Level 1:colcon.colcon_core.package_identification:_identify(drivers/nau7802_ros2_driver) by extension 'python'
[0.234s] Level 1:colcon.colcon_core.package_identification:_identify(drivers/nau7802_ros2_driver) by extensions ['python_setup_py']
[0.234s] Level 1:colcon.colcon_core.package_identification:_identify(drivers/nau7802_ros2_driver) by extension 'python_setup_py'
[0.234s] Level 1:colcon.colcon_core.package_identification:_identify(drivers/nmea_navsat_driver) by extensions ['ignore', 'ignore_ament_install']
[0.234s] Level 1:colcon.colcon_core.package_identification:_identify(drivers/nmea_navsat_driver) by extension 'ignore'
[0.234s] Level 1:colcon.colcon_core.package_identification:_identify(drivers/nmea_navsat_driver) by extension 'ignore_ament_install'
[0.234s] Level 1:colcon.colcon_core.package_identification:_identify(drivers/nmea_navsat_driver) by extensions ['colcon_pkg']
[0.234s] Level 1:colcon.colcon_core.package_identification:_identify(drivers/nmea_navsat_driver) by extension 'colcon_pkg'
[0.235s] Level 1:colcon.colcon_core.package_identification:_identify(drivers/nmea_navsat_driver) by extensions ['colcon_meta']
[0.235s] Level 1:colcon.colcon_core.package_identification:_identify(drivers/nmea_navsat_driver) by extension 'colcon_meta'
[0.235s] Level 1:colcon.colcon_core.package_identification:_identify(drivers/nmea_navsat_driver) by extensions ['ros']
[0.235s] Level 1:colcon.colcon_core.package_identification:_identify(drivers/nmea_navsat_driver) by extension 'ros'
[0.235s] Level 1:colcon.colcon_core.package_identification:_identify(drivers/nmea_navsat_driver) by extensions ['cmake', 'python']
[0.235s] Level 1:colcon.colcon_core.package_identification:_identify(drivers/nmea_navsat_driver) by extension 'cmake'
[0.235s] Level 1:colcon.colcon_core.package_identification:_identify(drivers/nmea_navsat_driver) by extension 'python'
[0.235s] Level 1:colcon.colcon_core.package_identification:_identify(drivers/nmea_navsat_driver) by extensions ['python_setup_py']
[0.235s] Level 1:colcon.colcon_core.package_identification:_identify(drivers/nmea_navsat_driver) by extension 'python_setup_py'
[0.235s] Level 1:colcon.colcon_core.package_identification:_identify(drivers/pingdspinger) by extensions ['ignore', 'ignore_ament_install']
[0.235s] Level 1:colcon.colcon_core.package_identification:_identify(drivers/pingdspinger) by extension 'ignore'
[0.236s] Level 1:colcon.colcon_core.package_identification:_identify(drivers/pingdspinger) by extension 'ignore_ament_install'
[0.236s] Level 1:colcon.colcon_core.package_identification:_identify(drivers/pingdspinger) by extensions ['colcon_pkg']
[0.236s] Level 1:colcon.colcon_core.package_identification:_identify(drivers/pingdspinger) by extension 'colcon_pkg'
[0.236s] Level 1:colcon.colcon_core.package_identification:_identify(drivers/pingdspinger) by extensions ['colcon_meta']
[0.236s] Level 1:colcon.colcon_core.package_identification:_identify(drivers/pingdspinger) by extension 'colcon_meta'
[0.236s] Level 1:colcon.colcon_core.package_identification:_identify(drivers/pingdspinger) by extensions ['ros']
[0.236s] Level 1:colcon.colcon_core.package_identification:_identify(drivers/pingdspinger) by extension 'ros'
[0.236s] Level 1:colcon.colcon_core.package_identification:_identify(drivers/pingdspinger) by extensions ['cmake', 'python']
[0.236s] Level 1:colcon.colcon_core.package_identification:_identify(drivers/pingdspinger) by extension 'cmake'
[0.236s] Level 1:colcon.colcon_core.package_identification:_identify(drivers/pingdspinger) by extension 'python'
[0.236s] Level 1:colcon.colcon_core.package_identification:_identify(drivers/pingdspinger) by extensions ['python_setup_py']
[0.236s] Level 1:colcon.colcon_core.package_identification:_identify(drivers/pingdspinger) by extension 'python_setup_py'
[0.237s] Level 1:colcon.colcon_core.package_identification:_identify(drivers/sbg_ros2_driver) by extensions ['ignore', 'ignore_ament_install']
[0.237s] Level 1:colcon.colcon_core.package_identification:_identify(drivers/sbg_ros2_driver) by extension 'ignore'
[0.237s] Level 1:colcon.colcon_core.package_identification:_identify(drivers/sbg_ros2_driver) by extension 'ignore_ament_install'
[0.237s] Level 1:colcon.colcon_core.package_identification:_identify(drivers/sbg_ros2_driver) by extensions ['colcon_pkg']
[0.237s] Level 1:colcon.colcon_core.package_identification:_identify(drivers/sbg_ros2_driver) by extension 'colcon_pkg'
[0.237s] Level 1:colcon.colcon_core.package_identification:_identify(drivers/sbg_ros2_driver) by extensions ['colcon_meta']
[0.237s] Level 1:colcon.colcon_core.package_identification:_identify(drivers/sbg_ros2_driver) by extension 'colcon_meta'
[0.237s] Level 1:colcon.colcon_core.package_identification:_identify(drivers/sbg_ros2_driver) by extensions ['ros']
[0.237s] Level 1:colcon.colcon_core.package_identification:_identify(drivers/sbg_ros2_driver) by extension 'ros'
[0.237s] Level 1:colcon.colcon_core.package_identification:_identify(drivers/sbg_ros2_driver) by extensions ['cmake', 'python']
[0.237s] Level 1:colcon.colcon_core.package_identification:_identify(drivers/sbg_ros2_driver) by extension 'cmake'
[0.237s] Level 1:colcon.colcon_core.package_identification:_identify(drivers/sbg_ros2_driver) by extension 'python'
[0.237s] Level 1:colcon.colcon_core.package_identification:_identify(drivers/sbg_ros2_driver) by extensions ['python_setup_py']
[0.237s] Level 1:colcon.colcon_core.package_identification:_identify(drivers/sbg_ros2_driver) by extension 'python_setup_py'
[0.237s] Level 1:colcon.colcon_core.package_identification:_identify(drivers/stim300) by extensions ['ignore', 'ignore_ament_install']
[0.238s] Level 1:colcon.colcon_core.package_identification:_identify(drivers/stim300) by extension 'ignore'
[0.238s] Level 1:colcon.colcon_core.package_identification:_identify(drivers/stim300) by extension 'ignore_ament_install'
[0.238s] Level 1:colcon.colcon_core.package_identification:_identify(drivers/stim300) by extensions ['colcon_pkg']
[0.238s] Level 1:colcon.colcon_core.package_identification:_identify(drivers/stim300) by extension 'colcon_pkg'
[0.238s] Level 1:colcon.colcon_core.package_identification:_identify(drivers/stim300) by extensions ['colcon_meta']
[0.238s] Level 1:colcon.colcon_core.package_identification:_identify(drivers/stim300) by extension 'colcon_meta'
[0.238s] Level 1:colcon.colcon_core.package_identification:_identify(drivers/stim300) by extensions ['ros']
[0.238s] Level 1:colcon.colcon_core.package_identification:_identify(drivers/stim300) by extension 'ros'
[0.238s] Level 1:colcon.colcon_core.package_identification:_identify(drivers/stim300) by extensions ['cmake', 'python']
[0.238s] Level 1:colcon.colcon_core.package_identification:_identify(drivers/stim300) by extension 'cmake'
[0.238s] Level 1:colcon.colcon_core.package_identification:_identify(drivers/stim300) by extension 'python'
[0.238s] Level 1:colcon.colcon_core.package_identification:_identify(drivers/stim300) by extensions ['python_setup_py']
[0.238s] Level 1:colcon.colcon_core.package_identification:_identify(drivers/stim300) by extension 'python_setup_py'
[0.239s] Level 1:colcon.colcon_core.package_identification:_identify(examples) by extensions ['ignore', 'ignore_ament_install']
[0.239s] Level 1:colcon.colcon_core.package_identification:_identify(examples) by extension 'ignore'
[0.239s] Level 1:colcon.colcon_core.package_identification:_identify(examples) by extension 'ignore_ament_install'
[0.239s] Level 1:colcon.colcon_core.package_identification:_identify(examples) by extensions ['colcon_pkg']
[0.239s] Level 1:colcon.colcon_core.package_identification:_identify(examples) by extension 'colcon_pkg'
[0.239s] Level 1:colcon.colcon_core.package_identification:_identify(examples) by extensions ['colcon_meta']
[0.239s] Level 1:colcon.colcon_core.package_identification:_identify(examples) by extension 'colcon_meta'
[0.239s] Level 1:colcon.colcon_core.package_identification:_identify(examples) by extensions ['ros']
[0.239s] Level 1:colcon.colcon_core.package_identification:_identify(examples) by extension 'ros'
[0.239s] Level 1:colcon.colcon_core.package_identification:_identify(examples) by extensions ['cmake', 'python']
[0.239s] Level 1:colcon.colcon_core.package_identification:_identify(examples) by extension 'cmake'
[0.240s] Level 1:colcon.colcon_core.package_identification:_identify(examples) by extension 'python'
[0.240s] Level 1:colcon.colcon_core.package_identification:_identify(examples) by extensions ['python_setup_py']
[0.240s] Level 1:colcon.colcon_core.package_identification:_identify(examples) by extension 'python_setup_py'
[0.240s] Level 1:colcon.colcon_core.package_identification:_identify(examples/ros2_python_examples) by extensions ['ignore', 'ignore_ament_install']
[0.240s] Level 1:colcon.colcon_core.package_identification:_identify(examples/ros2_python_examples) by extension 'ignore'
[0.240s] Level 1:colcon.colcon_core.package_identification:_identify(examples/ros2_python_examples) by extension 'ignore_ament_install'
[0.241s] Level 1:colcon.colcon_core.package_identification:_identify(examples/ros2_python_examples) by extensions ['colcon_pkg']
[0.241s] Level 1:colcon.colcon_core.package_identification:_identify(examples/ros2_python_examples) by extension 'colcon_pkg'
[0.241s] Level 1:colcon.colcon_core.package_identification:_identify(examples/ros2_python_examples) by extensions ['colcon_meta']
[0.241s] Level 1:colcon.colcon_core.package_identification:_identify(examples/ros2_python_examples) by extension 'colcon_meta'
[0.241s] Level 1:colcon.colcon_core.package_identification:_identify(examples/ros2_python_examples) by extensions ['ros']
[0.241s] Level 1:colcon.colcon_core.package_identification:_identify(examples/ros2_python_examples) by extension 'ros'
[0.242s] DEBUG:colcon.colcon_core.package_identification:Package 'examples/ros2_python_examples' with type 'ros.ament_python' and name 'ros2_python_examples'
[0.243s] Level 1:colcon.colcon_core.package_identification:_identify(examples/sam_basic_controllers) by extensions ['ignore', 'ignore_ament_install']
[0.243s] Level 1:colcon.colcon_core.package_identification:_identify(examples/sam_basic_controllers) by extension 'ignore'
[0.243s] Level 1:colcon.colcon_core.package_identification:_identify(examples/sam_basic_controllers) by extension 'ignore_ament_install'
[0.243s] Level 1:colcon.colcon_core.package_identification:_identify(examples/sam_basic_controllers) by extensions ['colcon_pkg']
[0.243s] Level 1:colcon.colcon_core.package_identification:_identify(examples/sam_basic_controllers) by extension 'colcon_pkg'
[0.243s] Level 1:colcon.colcon_core.package_identification:_identify(examples/sam_basic_controllers) by extensions ['colcon_meta']
[0.243s] Level 1:colcon.colcon_core.package_identification:_identify(examples/sam_basic_controllers) by extension 'colcon_meta'
[0.243s] Level 1:colcon.colcon_core.package_identification:_identify(examples/sam_basic_controllers) by extensions ['ros']
[0.243s] Level 1:colcon.colcon_core.package_identification:_identify(examples/sam_basic_controllers) by extension 'ros'
[0.244s] DEBUG:colcon.colcon_core.package_identification:Package 'examples/sam_basic_controllers' with type 'ros.ament_cmake' and name 'sam_basic_controllers'
[0.244s] Level 1:colcon.colcon_core.package_identification:_identify(examples/workshopfun) by extensions ['ignore', 'ignore_ament_install']
[0.244s] Level 1:colcon.colcon_core.package_identification:_identify(examples/workshopfun) by extension 'ignore'
[0.245s] Level 1:colcon.colcon_core.package_identification:_identify(examples/workshopfun) by extension 'ignore_ament_install'
[0.245s] Level 1:colcon.colcon_core.package_identification:_identify(examples/workshopfun) by extensions ['colcon_pkg']
[0.245s] Level 1:colcon.colcon_core.package_identification:_identify(examples/workshopfun) by extension 'colcon_pkg'
[0.245s] Level 1:colcon.colcon_core.package_identification:_identify(examples/workshopfun) by extensions ['colcon_meta']
[0.245s] Level 1:colcon.colcon_core.package_identification:_identify(examples/workshopfun) by extension 'colcon_meta'
[0.245s] Level 1:colcon.colcon_core.package_identification:_identify(examples/workshopfun) by extensions ['ros']
[0.245s] Level 1:colcon.colcon_core.package_identification:_identify(examples/workshopfun) by extension 'ros'
[0.246s] DEBUG:colcon.colcon_core.package_identification:Package 'examples/workshopfun' with type 'ros.ament_python' and name 'workshopfun'
[0.246s] Level 1:colcon.colcon_core.package_identification:_identify(external_equipment) by extensions ['ignore', 'ignore_ament_install']
[0.246s] Level 1:colcon.colcon_core.package_identification:_identify(external_equipment) by extension 'ignore'
[0.246s] Level 1:colcon.colcon_core.package_identification:_identify(external_equipment) by extension 'ignore_ament_install'
[0.247s] Level 1:colcon.colcon_core.package_identification:_identify(external_equipment) by extensions ['colcon_pkg']
[0.247s] Level 1:colcon.colcon_core.package_identification:_identify(external_equipment) by extension 'colcon_pkg'
[0.247s] Level 1:colcon.colcon_core.package_identification:_identify(external_equipment) by extensions ['colcon_meta']
[0.247s] Level 1:colcon.colcon_core.package_identification:_identify(external_equipment) by extension 'colcon_meta'
[0.247s] Level 1:colcon.colcon_core.package_identification:_identify(external_equipment) by extensions ['ros']
[0.247s] Level 1:colcon.colcon_core.package_identification:_identify(external_equipment) by extension 'ros'
[0.247s] Level 1:colcon.colcon_core.package_identification:_identify(external_equipment) by extensions ['cmake', 'python']
[0.247s] Level 1:colcon.colcon_core.package_identification:_identify(external_equipment) by extension 'cmake'
[0.247s] Level 1:colcon.colcon_core.package_identification:_identify(external_equipment) by extension 'python'
[0.247s] Level 1:colcon.colcon_core.package_identification:_identify(external_equipment) by extensions ['python_setup_py']
[0.247s] Level 1:colcon.colcon_core.package_identification:_identify(external_equipment) by extension 'python_setup_py'
[0.248s] Level 1:colcon.colcon_core.package_identification:_identify(external_equipment/brov) by extensions ['ignore', 'ignore_ament_install']
[0.248s] Level 1:colcon.colcon_core.package_identification:_identify(external_equipment/brov) by extension 'ignore'
[0.248s] Level 1:colcon.colcon_core.package_identification:_identify(external_equipment/brov) by extension 'ignore_ament_install'
[0.248s] Level 1:colcon.colcon_core.package_identification:_identify(external_equipment/brov) by extensions ['colcon_pkg']
[0.248s] Level 1:colcon.colcon_core.package_identification:_identify(external_equipment/brov) by extension 'colcon_pkg'
[0.248s] Level 1:colcon.colcon_core.package_identification:_identify(external_equipment/brov) by extensions ['colcon_meta']
[0.248s] Level 1:colcon.colcon_core.package_identification:_identify(external_equipment/brov) by extension 'colcon_meta'
[0.248s] Level 1:colcon.colcon_core.package_identification:_identify(external_equipment/brov) by extensions ['ros']
[0.248s] Level 1:colcon.colcon_core.package_identification:_identify(external_equipment/brov) by extension 'ros'
[0.248s] Level 1:colcon.colcon_core.package_identification:_identify(external_equipment/brov) by extensions ['cmake', 'python']
[0.248s] Level 1:colcon.colcon_core.package_identification:_identify(external_equipment/brov) by extension 'cmake'
[0.248s] Level 1:colcon.colcon_core.package_identification:_identify(external_equipment/brov) by extension 'python'
[0.248s] Level 1:colcon.colcon_core.package_identification:_identify(external_equipment/brov) by extensions ['python_setup_py']
[0.248s] Level 1:colcon.colcon_core.package_identification:_identify(external_equipment/brov) by extension 'python_setup_py'
[0.249s] Level 1:colcon.colcon_core.package_identification:_identify(external_equipment/brov/brov_teleop) by extensions ['ignore', 'ignore_ament_install']
[0.249s] Level 1:colcon.colcon_core.package_identification:_identify(external_equipment/brov/brov_teleop) by extension 'ignore'
[0.249s] Level 1:colcon.colcon_core.package_identification:_identify(external_equipment/brov/brov_teleop) by extension 'ignore_ament_install'
[0.249s] Level 1:colcon.colcon_core.package_identification:_identify(external_equipment/brov/brov_teleop) by extensions ['colcon_pkg']
[0.249s] Level 1:colcon.colcon_core.package_identification:_identify(external_equipment/brov/brov_teleop) by extension 'colcon_pkg'
[0.249s] Level 1:colcon.colcon_core.package_identification:_identify(external_equipment/brov/brov_teleop) by extensions ['colcon_meta']
[0.249s] Level 1:colcon.colcon_core.package_identification:_identify(external_equipment/brov/brov_teleop) by extension 'colcon_meta'
[0.249s] Level 1:colcon.colcon_core.package_identification:_identify(external_equipment/brov/brov_teleop) by extensions ['ros']
[0.249s] Level 1:colcon.colcon_core.package_identification:_identify(external_equipment/brov/brov_teleop) by extension 'ros'
[0.250s] DEBUG:colcon.colcon_core.package_identification:Package 'external_equipment/brov/brov_teleop' with type 'ros.ament_python' and name 'brov_teleop'
[0.250s] Level 1:colcon.colcon_core.package_identification:_identify(external_equipment/sam) by extensions ['ignore', 'ignore_ament_install']
[0.250s] Level 1:colcon.colcon_core.package_identification:_identify(external_equipment/sam) by extension 'ignore'
[0.250s] Level 1:colcon.colcon_core.package_identification:_identify(external_equipment/sam) by extension 'ignore_ament_install'
[0.251s] Level 1:colcon.colcon_core.package_identification:_identify(external_equipment/sam) by extensions ['colcon_pkg']
[0.251s] Level 1:colcon.colcon_core.package_identification:_identify(external_equipment/sam) by extension 'colcon_pkg'
[0.251s] Level 1:colcon.colcon_core.package_identification:_identify(external_equipment/sam) by extensions ['colcon_meta']
[0.251s] Level 1:colcon.colcon_core.package_identification:_identify(external_equipment/sam) by extension 'colcon_meta'
[0.251s] Level 1:colcon.colcon_core.package_identification:_identify(external_equipment/sam) by extensions ['ros']
[0.251s] Level 1:colcon.colcon_core.package_identification:_identify(external_equipment/sam) by extension 'ros'
[0.251s] Level 1:colcon.colcon_core.package_identification:_identify(external_equipment/sam) by extensions ['cmake', 'python']
[0.251s] Level 1:colcon.colcon_core.package_identification:_identify(external_equipment/sam) by extension 'cmake'
[0.251s] Level 1:colcon.colcon_core.package_identification:_identify(external_equipment/sam) by extension 'python'
[0.251s] Level 1:colcon.colcon_core.package_identification:_identify(external_equipment/sam) by extensions ['python_setup_py']
[0.251s] Level 1:colcon.colcon_core.package_identification:_identify(external_equipment/sam) by extension 'python_setup_py'
[0.251s] Level 1:colcon.colcon_core.package_identification:_identify(external_equipment/sam/sam_joy_controllers) by extensions ['ignore', 'ignore_ament_install']
[0.251s] Level 1:colcon.colcon_core.package_identification:_identify(external_equipment/sam/sam_joy_controllers) by extension 'ignore'
[0.252s] Level 1:colcon.colcon_core.package_identification:_identify(external_equipment/sam/sam_joy_controllers) by extension 'ignore_ament_install'
[0.252s] Level 1:colcon.colcon_core.package_identification:_identify(external_equipment/sam/sam_joy_controllers) by extensions ['colcon_pkg']
[0.252s] Level 1:colcon.colcon_core.package_identification:_identify(external_equipment/sam/sam_joy_controllers) by extension 'colcon_pkg'
[0.252s] Level 1:colcon.colcon_core.package_identification:_identify(external_equipment/sam/sam_joy_controllers) by extensions ['colcon_meta']
[0.252s] Level 1:colcon.colcon_core.package_identification:_identify(external_equipment/sam/sam_joy_controllers) by extension 'colcon_meta'
[0.252s] Level 1:colcon.colcon_core.package_identification:_identify(external_equipment/sam/sam_joy_controllers) by extensions ['ros']
[0.252s] Level 1:colcon.colcon_core.package_identification:_identify(external_equipment/sam/sam_joy_controllers) by extension 'ros'
[0.252s] Level 1:colcon.colcon_core.package_identification:_identify(external_equipment/sam/sam_joy_controllers) by extensions ['cmake', 'python']
[0.252s] Level 1:colcon.colcon_core.package_identification:_identify(external_equipment/sam/sam_joy_controllers) by extension 'cmake'
[0.252s] Level 1:colcon.colcon_core.package_identification:_identify(external_equipment/sam/sam_joy_controllers) by extension 'python'
[0.252s] Level 1:colcon.colcon_core.package_identification:_identify(external_equipment/sam/sam_joy_controllers) by extensions ['python_setup_py']
[0.252s] Level 1:colcon.colcon_core.package_identification:_identify(external_equipment/sam/sam_joy_controllers) by extension 'python_setup_py'
[0.252s] Level 1:colcon.colcon_core.package_identification:_identify(external_equipment/sam/sam_joy_controllers/sam_joy_controllers) by extensions ['ignore', 'ignore_ament_install']
[0.252s] Level 1:colcon.colcon_core.package_identification:_identify(external_equipment/sam/sam_joy_controllers/sam_joy_controllers) by extension 'ignore'
[0.253s] Level 1:colcon.colcon_core.package_identification:_identify(external_equipment/sam/sam_joy_controllers/sam_joy_controllers) by extension 'ignore_ament_install'
[0.253s] Level 1:colcon.colcon_core.package_identification:_identify(external_equipment/sam/sam_joy_controllers/sam_joy_controllers) by extensions ['colcon_pkg']
[0.253s] Level 1:colcon.colcon_core.package_identification:_identify(external_equipment/sam/sam_joy_controllers/sam_joy_controllers) by extension 'colcon_pkg'
[0.253s] Level 1:colcon.colcon_core.package_identification:_identify(external_equipment/sam/sam_joy_controllers/sam_joy_controllers) by extensions ['colcon_meta']
[0.253s] Level 1:colcon.colcon_core.package_identification:_identify(external_equipment/sam/sam_joy_controllers/sam_joy_controllers) by extension 'colcon_meta'
[0.253s] Level 1:colcon.colcon_core.package_identification:_identify(external_equipment/sam/sam_joy_controllers/sam_joy_controllers) by extensions ['ros']
[0.253s] Level 1:colcon.colcon_core.package_identification:_identify(external_equipment/sam/sam_joy_controllers/sam_joy_controllers) by extension 'ros'
[0.253s] Level 1:colcon.colcon_core.package_identification:_identify(external_equipment/sam/sam_joy_controllers/sam_joy_controllers) by extensions ['cmake', 'python']
[0.253s] Level 1:colcon.colcon_core.package_identification:_identify(external_equipment/sam/sam_joy_controllers/sam_joy_controllers) by extension 'cmake'
[0.253s] Level 1:colcon.colcon_core.package_identification:_identify(external_equipment/sam/sam_joy_controllers/sam_joy_controllers) by extension 'python'
[0.253s] Level 1:colcon.colcon_core.package_identification:_identify(external_equipment/sam/sam_joy_controllers/sam_joy_controllers) by extensions ['python_setup_py']
[0.253s] Level 1:colcon.colcon_core.package_identification:_identify(external_equipment/sam/sam_joy_controllers/sam_joy_controllers) by extension 'python_setup_py'
[0.254s] Level 1:colcon.colcon_core.package_identification:_identify(external_equipment/sam/sam_joy_controllers/sam_joy_controllers/sam_joy_xbox) by extensions ['ignore', 'ignore_ament_install']
[0.254s] Level 1:colcon.colcon_core.package_identification:_identify(external_equipment/sam/sam_joy_controllers/sam_joy_controllers/sam_joy_xbox) by extension 'ignore'
[0.254s] Level 1:colcon.colcon_core.package_identification:_identify(external_equipment/sam/sam_joy_controllers/sam_joy_controllers/sam_joy_xbox) by extension 'ignore_ament_install'
[0.254s] Level 1:colcon.colcon_core.package_identification:_identify(external_equipment/sam/sam_joy_controllers/sam_joy_controllers/sam_joy_xbox) by extensions ['colcon_pkg']
[0.254s] Level 1:colcon.colcon_core.package_identification:_identify(external_equipment/sam/sam_joy_controllers/sam_joy_controllers/sam_joy_xbox) by extension 'colcon_pkg'
[0.254s] Level 1:colcon.colcon_core.package_identification:_identify(external_equipment/sam/sam_joy_controllers/sam_joy_controllers/sam_joy_xbox) by extensions ['colcon_meta']
[0.254s] Level 1:colcon.colcon_core.package_identification:_identify(external_equipment/sam/sam_joy_controllers/sam_joy_controllers/sam_joy_xbox) by extension 'colcon_meta'
[0.254s] Level 1:colcon.colcon_core.package_identification:_identify(external_equipment/sam/sam_joy_controllers/sam_joy_controllers/sam_joy_xbox) by extensions ['ros']
[0.254s] Level 1:colcon.colcon_core.package_identification:_identify(external_equipment/sam/sam_joy_controllers/sam_joy_controllers/sam_joy_xbox) by extension 'ros'
[0.255s] DEBUG:colcon.colcon_core.package_identification:Package 'external_equipment/sam/sam_joy_controllers/sam_joy_controllers/sam_joy_xbox' with type 'ros.ament_python' and name 'sam_joy_xbox'
[0.256s] Level 1:colcon.colcon_core.package_identification:_identify(external_equipment/sam/sam_joy_controllers/sam_joy_teleop) by extensions ['ignore', 'ignore_ament_install']
[0.256s] Level 1:colcon.colcon_core.package_identification:_identify(external_equipment/sam/sam_joy_controllers/sam_joy_teleop) by extension 'ignore'
[0.256s] Level 1:colcon.colcon_core.package_identification:_identify(external_equipment/sam/sam_joy_controllers/sam_joy_teleop) by extension 'ignore_ament_install'
[0.256s] Level 1:colcon.colcon_core.package_identification:_identify(external_equipment/sam/sam_joy_controllers/sam_joy_teleop) by extensions ['colcon_pkg']
[0.256s] Level 1:colcon.colcon_core.package_identification:_identify(external_equipment/sam/sam_joy_controllers/sam_joy_teleop) by extension 'colcon_pkg'
[0.256s] Level 1:colcon.colcon_core.package_identification:_identify(external_equipment/sam/sam_joy_controllers/sam_joy_teleop) by extensions ['colcon_meta']
[0.256s] Level 1:colcon.colcon_core.package_identification:_identify(external_equipment/sam/sam_joy_controllers/sam_joy_teleop) by extension 'colcon_meta'
[0.256s] Level 1:colcon.colcon_core.package_identification:_identify(external_equipment/sam/sam_joy_controllers/sam_joy_teleop) by extensions ['ros']
[0.256s] Level 1:colcon.colcon_core.package_identification:_identify(external_equipment/sam/sam_joy_controllers/sam_joy_teleop) by extension 'ros'
[0.257s] DEBUG:colcon.colcon_core.package_identification:Package 'external_equipment/sam/sam_joy_controllers/sam_joy_teleop' with type 'ros.ament_python' and name 'sam_joy_teleop'
[0.257s] Level 1:colcon.colcon_core.package_identification:_identify(external_equipment/tank) by extensions ['ignore', 'ignore_ament_install']
[0.257s] Level 1:colcon.colcon_core.package_identification:_identify(external_equipment/tank) by extension 'ignore'
[0.257s] Level 1:colcon.colcon_core.package_identification:_identify(external_equipment/tank) by extension 'ignore_ament_install'
[0.257s] Level 1:colcon.colcon_core.package_identification:_identify(external_equipment/tank) by extensions ['colcon_pkg']
[0.257s] Level 1:colcon.colcon_core.package_identification:_identify(external_equipment/tank) by extension 'colcon_pkg'
[0.257s] Level 1:colcon.colcon_core.package_identification:_identify(external_equipment/tank) by extensions ['colcon_meta']
[0.257s] Level 1:colcon.colcon_core.package_identification:_identify(external_equipment/tank) by extension 'colcon_meta'
[0.258s] Level 1:colcon.colcon_core.package_identification:_identify(external_equipment/tank) by extensions ['ros']
[0.258s] Level 1:colcon.colcon_core.package_identification:_identify(external_equipment/tank) by extension 'ros'
[0.258s] Level 1:colcon.colcon_core.package_identification:_identify(external_equipment/tank) by extensions ['cmake', 'python']
[0.258s] Level 1:colcon.colcon_core.package_identification:_identify(external_equipment/tank) by extension 'cmake'
[0.258s] Level 1:colcon.colcon_core.package_identification:_identify(external_equipment/tank) by extension 'python'
[0.258s] Level 1:colcon.colcon_core.package_identification:_identify(external_equipment/tank) by extensions ['python_setup_py']
[0.258s] Level 1:colcon.colcon_core.package_identification:_identify(external_equipment/tank) by extension 'python_setup_py'
[0.258s] Level 1:colcon.colcon_core.package_identification:_identify(external_equipment/tank/watertank_utils) by extensions ['ignore', 'ignore_ament_install']
[0.258s] Level 1:colcon.colcon_core.package_identification:_identify(external_equipment/tank/watertank_utils) by extension 'ignore'
[0.258s] Level 1:colcon.colcon_core.package_identification:_identify(external_equipment/tank/watertank_utils) by extension 'ignore_ament_install'
[0.259s] Level 1:colcon.colcon_core.package_identification:_identify(external_equipment/tank/watertank_utils) by extensions ['colcon_pkg']
[0.259s] Level 1:colcon.colcon_core.package_identification:_identify(external_equipment/tank/watertank_utils) by extension 'colcon_pkg'
[0.259s] Level 1:colcon.colcon_core.package_identification:_identify(external_equipment/tank/watertank_utils) by extensions ['colcon_meta']
[0.259s] Level 1:colcon.colcon_core.package_identification:_identify(external_equipment/tank/watertank_utils) by extension 'colcon_meta'
[0.259s] Level 1:colcon.colcon_core.package_identification:_identify(external_equipment/tank/watertank_utils) by extensions ['ros']
[0.259s] Level 1:colcon.colcon_core.package_identification:_identify(external_equipment/tank/watertank_utils) by extension 'ros'
[0.260s] DEBUG:colcon.colcon_core.package_identification:Package 'external_equipment/tank/watertank_utils' with type 'ros.ament_python' and name 'watertank_utils'
[0.260s] Level 1:colcon.colcon_core.package_identification:_identify(external_packages) by extensions ['ignore', 'ignore_ament_install']
[0.260s] Level 1:colcon.colcon_core.package_identification:_identify(external_packages) by extension 'ignore'
[0.260s] Level 1:colcon.colcon_core.package_identification:_identify(external_packages) by extension 'ignore_ament_install'
[0.260s] Level 1:colcon.colcon_core.package_identification:_identify(external_packages) by extensions ['colcon_pkg']
[0.260s] Level 1:colcon.colcon_core.package_identification:_identify(external_packages) by extension 'colcon_pkg'
[0.260s] Level 1:colcon.colcon_core.package_identification:_identify(external_packages) by extensions ['colcon_meta']
[0.260s] Level 1:colcon.colcon_core.package_identification:_identify(external_packages) by extension 'colcon_meta'
[0.260s] Level 1:colcon.colcon_core.package_identification:_identify(external_packages) by extensions ['ros']
[0.260s] Level 1:colcon.colcon_core.package_identification:_identify(external_packages) by extension 'ros'
[0.260s] Level 1:colcon.colcon_core.package_identification:_identify(external_packages) by extensions ['cmake', 'python']
[0.261s] Level 1:colcon.colcon_core.package_identification:_identify(external_packages) by extension 'cmake'
[0.261s] Level 1:colcon.colcon_core.package_identification:_identify(external_packages) by extension 'python'
[0.261s] Level 1:colcon.colcon_core.package_identification:_identify(external_packages) by extensions ['python_setup_py']
[0.261s] Level 1:colcon.colcon_core.package_identification:_identify(external_packages) by extension 'python_setup_py'
[0.261s] Level 1:colcon.colcon_core.package_identification:_identify(external_packages/ROS-TCP-Endpoint) by extensions ['ignore', 'ignore_ament_install']
[0.261s] Level 1:colcon.colcon_core.package_identification:_identify(external_packages/ROS-TCP-Endpoint) by extension 'ignore'
[0.261s] Level 1:colcon.colcon_core.package_identification:_identify(external_packages/ROS-TCP-Endpoint) by extension 'ignore_ament_install'
[0.261s] Level 1:colcon.colcon_core.package_identification:_identify(external_packages/ROS-TCP-Endpoint) by extensions ['colcon_pkg']
[0.261s] Level 1:colcon.colcon_core.package_identification:_identify(external_packages/ROS-TCP-Endpoint) by extension 'colcon_pkg'
[0.261s] Level 1:colcon.colcon_core.package_identification:_identify(external_packages/ROS-TCP-Endpoint) by extensions ['colcon_meta']
[0.262s] Level 1:colcon.colcon_core.package_identification:_identify(external_packages/ROS-TCP-Endpoint) by extension 'colcon_meta'
[0.262s] Level 1:colcon.colcon_core.package_identification:_identify(external_packages/ROS-TCP-Endpoint) by extensions ['ros']
[0.262s] Level 1:colcon.colcon_core.package_identification:_identify(external_packages/ROS-TCP-Endpoint) by extension 'ros'
[0.262s] DEBUG:colcon.colcon_core.package_identification:Package 'external_packages/ROS-TCP-Endpoint' with type 'ros.ament_python' and name 'ros_tcp_endpoint'
[0.262s] Level 1:colcon.colcon_core.package_identification:_identify(external_packages/mqtt_bridge) by extensions ['ignore', 'ignore_ament_install']
[0.262s] Level 1:colcon.colcon_core.package_identification:_identify(external_packages/mqtt_bridge) by extension 'ignore'
[0.262s] Level 1:colcon.colcon_core.package_identification:_identify(external_packages/mqtt_bridge) by extension 'ignore_ament_install'
[0.263s] Level 1:colcon.colcon_core.package_identification:_identify(external_packages/mqtt_bridge) by extensions ['colcon_pkg']
[0.263s] Level 1:colcon.colcon_core.package_identification:_identify(external_packages/mqtt_bridge) by extension 'colcon_pkg'
[0.263s] Level 1:colcon.colcon_core.package_identification:_identify(external_packages/mqtt_bridge) by extensions ['colcon_meta']
[0.263s] Level 1:colcon.colcon_core.package_identification:_identify(external_packages/mqtt_bridge) by extension 'colcon_meta'
[0.263s] Level 1:colcon.colcon_core.package_identification:_identify(external_packages/mqtt_bridge) by extensions ['ros']
[0.263s] Level 1:colcon.colcon_core.package_identification:_identify(external_packages/mqtt_bridge) by extension 'ros'
[0.263s] DEBUG:colcon.colcon_core.package_identification:Package 'external_packages/mqtt_bridge' with type 'ros.ament_python' and name 'mqtt_bridge'
[0.264s] Level 1:colcon.colcon_core.package_identification:_identify(external_packages/smarc_modelling) by extensions ['ignore', 'ignore_ament_install']
[0.264s] Level 1:colcon.colcon_core.package_identification:_identify(external_packages/smarc_modelling) by extension 'ignore'
[0.264s] Level 1:colcon.colcon_core.package_identification:_identify(external_packages/smarc_modelling) by extension 'ignore_ament_install'
[0.264s] Level 1:colcon.colcon_core.package_identification:_identify(external_packages/smarc_modelling) by extensions ['colcon_pkg']
[0.264s] Level 1:colcon.colcon_core.package_identification:_identify(external_packages/smarc_modelling) by extension 'colcon_pkg'
[0.264s] Level 1:colcon.colcon_core.package_identification:_identify(external_packages/smarc_modelling) by extensions ['colcon_meta']
[0.264s] Level 1:colcon.colcon_core.package_identification:_identify(external_packages/smarc_modelling) by extension 'colcon_meta'
[0.264s] Level 1:colcon.colcon_core.package_identification:_identify(external_packages/smarc_modelling) by extensions ['ros']
[0.264s] Level 1:colcon.colcon_core.package_identification:_identify(external_packages/smarc_modelling) by extension 'ros'
[0.264s] Level 1:colcon.colcon_core.package_identification:_identify(external_packages/smarc_modelling) by extensions ['cmake', 'python']
[0.264s] Level 1:colcon.colcon_core.package_identification:_identify(external_packages/smarc_modelling) by extension 'cmake'
[0.264s] Level 1:colcon.colcon_core.package_identification:_identify(external_packages/smarc_modelling) by extension 'python'
[0.265s] Level 1:colcon.colcon_core.package_identification:_identify(external_packages/smarc_modelling) by extensions ['python_setup_py']
[0.265s] Level 1:colcon.colcon_core.package_identification:_identify(external_packages/smarc_modelling) by extension 'python_setup_py'
[0.265s] Level 1:colcon.colcon_core.package_identification:_identify(external_packages/smarc_modelling/src) by extensions ['ignore', 'ignore_ament_install']
[0.265s] Level 1:colcon.colcon_core.package_identification:_identify(external_packages/smarc_modelling/src) by extension 'ignore'
[0.265s] Level 1:colcon.colcon_core.package_identification:_identify(external_packages/smarc_modelling/src) by extension 'ignore_ament_install'
[0.265s] Level 1:colcon.colcon_core.package_identification:_identify(external_packages/smarc_modelling/src) by extensions ['colcon_pkg']
[0.265s] Level 1:colcon.colcon_core.package_identification:_identify(external_packages/smarc_modelling/src) by extension 'colcon_pkg'
[0.265s] Level 1:colcon.colcon_core.package_identification:_identify(external_packages/smarc_modelling/src) by extensions ['colcon_meta']
[0.265s] Level 1:colcon.colcon_core.package_identification:_identify(external_packages/smarc_modelling/src) by extension 'colcon_meta'
[0.265s] Level 1:colcon.colcon_core.package_identification:_identify(external_packages/smarc_modelling/src) by extensions ['ros']
[0.265s] Level 1:colcon.colcon_core.package_identification:_identify(external_packages/smarc_modelling/src) by extension 'ros'
[0.266s] Level 1:colcon.colcon_core.package_identification:_identify(external_packages/smarc_modelling/src) by extensions ['cmake', 'python']
[0.266s] Level 1:colcon.colcon_core.package_identification:_identify(external_packages/smarc_modelling/src) by extension 'cmake'
[0.266s] Level 1:colcon.colcon_core.package_identification:_identify(external_packages/smarc_modelling/src) by extension 'python'
[0.266s] Level 1:colcon.colcon_core.package_identification:_identify(external_packages/smarc_modelling/src) by extensions ['python_setup_py']
[0.266s] Level 1:colcon.colcon_core.package_identification:_identify(external_packages/smarc_modelling/src) by extension 'python_setup_py'
[0.266s] Level 1:colcon.colcon_core.package_identification:_identify(external_packages/smarc_modelling/src/smarc_modelling) by extensions ['ignore', 'ignore_ament_install']
[0.266s] Level 1:colcon.colcon_core.package_identification:_identify(external_packages/smarc_modelling/src/smarc_modelling) by extension 'ignore'
[0.266s] Level 1:colcon.colcon_core.package_identification:_identify(external_packages/smarc_modelling/src/smarc_modelling) by extension 'ignore_ament_install'
[0.266s] Level 1:colcon.colcon_core.package_identification:_identify(external_packages/smarc_modelling/src/smarc_modelling) by extensions ['colcon_pkg']
[0.266s] Level 1:colcon.colcon_core.package_identification:_identify(external_packages/smarc_modelling/src/smarc_modelling) by extension 'colcon_pkg'
[0.266s] Level 1:colcon.colcon_core.package_identification:_identify(external_packages/smarc_modelling/src/smarc_modelling) by extensions ['colcon_meta']
[0.267s] Level 1:colcon.colcon_core.package_identification:_identify(external_packages/smarc_modelling/src/smarc_modelling) by extension 'colcon_meta'
[0.267s] Level 1:colcon.colcon_core.package_identification:_identify(external_packages/smarc_modelling/src/smarc_modelling) by extensions ['ros']
[0.267s] Level 1:colcon.colcon_core.package_identification:_identify(external_packages/smarc_modelling/src/smarc_modelling) by extension 'ros'
[0.267s] Level 1:colcon.colcon_core.package_identification:_identify(external_packages/smarc_modelling/src/smarc_modelling) by extensions ['cmake', 'python']
[0.267s] Level 1:colcon.colcon_core.package_identification:_identify(external_packages/smarc_modelling/src/smarc_modelling) by extension 'cmake'
[0.267s] Level 1:colcon.colcon_core.package_identification:_identify(external_packages/smarc_modelling/src/smarc_modelling) by extension 'python'
[0.267s] Level 1:colcon.colcon_core.package_identification:_identify(external_packages/smarc_modelling/src/smarc_modelling) by extensions ['python_setup_py']
[0.267s] Level 1:colcon.colcon_core.package_identification:_identify(external_packages/smarc_modelling/src/smarc_modelling) by extension 'python_setup_py'
[0.267s] Level 1:colcon.colcon_core.package_identification:_identify(external_packages/smarc_modelling/src/smarc_modelling/apps) by extensions ['ignore', 'ignore_ament_install']
[0.267s] Level 1:colcon.colcon_core.package_identification:_identify(external_packages/smarc_modelling/src/smarc_modelling/apps) by extension 'ignore'
[0.267s] Level 1:colcon.colcon_core.package_identification:_identify(external_packages/smarc_modelling/src/smarc_modelling/apps) by extension 'ignore_ament_install'
[0.267s] Level 1:colcon.colcon_core.package_identification:_identify(external_packages/smarc_modelling/src/smarc_modelling/apps) by extensions ['colcon_pkg']
[0.268s] Level 1:colcon.colcon_core.package_identification:_identify(external_packages/smarc_modelling/src/smarc_modelling/apps) by extension 'colcon_pkg'
[0.268s] Level 1:colcon.colcon_core.package_identification:_identify(external_packages/smarc_modelling/src/smarc_modelling/apps) by extensions ['colcon_meta']
[0.268s] Level 1:colcon.colcon_core.package_identification:_identify(external_packages/smarc_modelling/src/smarc_modelling/apps) by extension 'colcon_meta'
[0.268s] Level 1:colcon.colcon_core.package_identification:_identify(external_packages/smarc_modelling/src/smarc_modelling/apps) by extensions ['ros']
[0.268s] Level 1:colcon.colcon_core.package_identification:_identify(external_packages/smarc_modelling/src/smarc_modelling/apps) by extension 'ros'
[0.268s] Level 1:colcon.colcon_core.package_identification:_identify(external_packages/smarc_modelling/src/smarc_modelling/apps) by extensions ['cmake', 'python']
[0.268s] Level 1:colcon.colcon_core.package_identification:_identify(external_packages/smarc_modelling/src/smarc_modelling/apps) by extension 'cmake'
[0.268s] Level 1:colcon.colcon_core.package_identification:_identify(external_packages/smarc_modelling/src/smarc_modelling/apps) by extension 'python'
[0.268s] Level 1:colcon.colcon_core.package_identification:_identify(external_packages/smarc_modelling/src/smarc_modelling/apps) by extensions ['python_setup_py']
[0.268s] Level 1:colcon.colcon_core.package_identification:_identify(external_packages/smarc_modelling/src/smarc_modelling/apps) by extension 'python_setup_py'
[0.269s] Level 1:colcon.colcon_core.package_identification:_identify(external_packages/smarc_modelling/src/smarc_modelling/control) by extensions ['ignore', 'ignore_ament_install']
[0.269s] Level 1:colcon.colcon_core.package_identification:_identify(external_packages/smarc_modelling/src/smarc_modelling/control) by extension 'ignore'
[0.269s] Level 1:colcon.colcon_core.package_identification:_identify(external_packages/smarc_modelling/src/smarc_modelling/control) by extension 'ignore_ament_install'
[0.269s] Level 1:colcon.colcon_core.package_identification:_identify(external_packages/smarc_modelling/src/smarc_modelling/control) by extensions ['colcon_pkg']
[0.269s] Level 1:colcon.colcon_core.package_identification:_identify(external_packages/smarc_modelling/src/smarc_modelling/control) by extension 'colcon_pkg'
[0.269s] Level 1:colcon.colcon_core.package_identification:_identify(external_packages/smarc_modelling/src/smarc_modelling/control) by extensions ['colcon_meta']
[0.269s] Level 1:colcon.colcon_core.package_identification:_identify(external_packages/smarc_modelling/src/smarc_modelling/control) by extension 'colcon_meta'
[0.269s] Level 1:colcon.colcon_core.package_identification:_identify(external_packages/smarc_modelling/src/smarc_modelling/control) by extensions ['ros']
[0.269s] Level 1:colcon.colcon_core.package_identification:_identify(external_packages/smarc_modelling/src/smarc_modelling/control) by extension 'ros'
[0.269s] Level 1:colcon.colcon_core.package_identification:_identify(external_packages/smarc_modelling/src/smarc_modelling/control) by extensions ['cmake', 'python']
[0.269s] Level 1:colcon.colcon_core.package_identification:_identify(external_packages/smarc_modelling/src/smarc_modelling/control) by extension 'cmake'
[0.269s] Level 1:colcon.colcon_core.package_identification:_identify(external_packages/smarc_modelling/src/smarc_modelling/control) by extension 'python'
[0.269s] Level 1:colcon.colcon_core.package_identification:_identify(external_packages/smarc_modelling/src/smarc_modelling/control) by extensions ['python_setup_py']
[0.269s] Level 1:colcon.colcon_core.package_identification:_identify(external_packages/smarc_modelling/src/smarc_modelling/control) by extension 'python_setup_py'
[0.270s] Level 1:colcon.colcon_core.package_identification:_identify(external_packages/smarc_modelling/src/smarc_modelling/lib) by extensions ['ignore', 'ignore_ament_install']
[0.270s] Level 1:colcon.colcon_core.package_identification:_identify(external_packages/smarc_modelling/src/smarc_modelling/lib) by extension 'ignore'
[0.270s] Level 1:colcon.colcon_core.package_identification:_identify(external_packages/smarc_modelling/src/smarc_modelling/lib) by extension 'ignore_ament_install'
[0.270s] Level 1:colcon.colcon_core.package_identification:_identify(external_packages/smarc_modelling/src/smarc_modelling/lib) by extensions ['colcon_pkg']
[0.270s] Level 1:colcon.colcon_core.package_identification:_identify(external_packages/smarc_modelling/src/smarc_modelling/lib) by extension 'colcon_pkg'
[0.270s] Level 1:colcon.colcon_core.package_identification:_identify(external_packages/smarc_modelling/src/smarc_modelling/lib) by extensions ['colcon_meta']
[0.270s] Level 1:colcon.colcon_core.package_identification:_identify(external_packages/smarc_modelling/src/smarc_modelling/lib) by extension 'colcon_meta'
[0.270s] Level 1:colcon.colcon_core.package_identification:_identify(external_packages/smarc_modelling/src/smarc_modelling/lib) by extensions ['ros']
[0.270s] Level 1:colcon.colcon_core.package_identification:_identify(external_packages/smarc_modelling/src/smarc_modelling/lib) by extension 'ros'
[0.270s] Level 1:colcon.colcon_core.package_identification:_identify(external_packages/smarc_modelling/src/smarc_modelling/lib) by extensions ['cmake', 'python']
[0.270s] Level 1:colcon.colcon_core.package_identification:_identify(external_packages/smarc_modelling/src/smarc_modelling/lib) by extension 'cmake'
[0.270s] Level 1:colcon.colcon_core.package_identification:_identify(external_packages/smarc_modelling/src/smarc_modelling/lib) by extension 'python'
[0.270s] Level 1:colcon.colcon_core.package_identification:_identify(external_packages/smarc_modelling/src/smarc_modelling/lib) by extensions ['python_setup_py']
[0.270s] Level 1:colcon.colcon_core.package_identification:_identify(external_packages/smarc_modelling/src/smarc_modelling/lib) by extension 'python_setup_py'
[0.271s] Level 1:colcon.colcon_core.package_identification:_identify(external_packages/smarc_modelling/src/smarc_modelling/motion_planning) by extensions ['ignore', 'ignore_ament_install']
[0.271s] Level 1:colcon.colcon_core.package_identification:_identify(external_packages/smarc_modelling/src/smarc_modelling/motion_planning) by extension 'ignore'
[0.271s] Level 1:colcon.colcon_core.package_identification:_identify(external_packages/smarc_modelling/src/smarc_modelling/motion_planning) by extension 'ignore_ament_install'
[0.271s] Level 1:colcon.colcon_core.package_identification:_identify(external_packages/smarc_modelling/src/smarc_modelling/motion_planning) by extensions ['colcon_pkg']
[0.271s] Level 1:colcon.colcon_core.package_identification:_identify(external_packages/smarc_modelling/src/smarc_modelling/motion_planning) by extension 'colcon_pkg'
[0.271s] Level 1:colcon.colcon_core.package_identification:_identify(external_packages/smarc_modelling/src/smarc_modelling/motion_planning) by extensions ['colcon_meta']
[0.271s] Level 1:colcon.colcon_core.package_identification:_identify(external_packages/smarc_modelling/src/smarc_modelling/motion_planning) by extension 'colcon_meta'
[0.271s] Level 1:colcon.colcon_core.package_identification:_identify(external_packages/smarc_modelling/src/smarc_modelling/motion_planning) by extensions ['ros']
[0.271s] Level 1:colcon.colcon_core.package_identification:_identify(external_packages/smarc_modelling/src/smarc_modelling/motion_planning) by extension 'ros'
[0.271s] Level 1:colcon.colcon_core.package_identification:_identify(external_packages/smarc_modelling/src/smarc_modelling/motion_planning) by extensions ['cmake', 'python']
[0.271s] Level 1:colcon.colcon_core.package_identification:_identify(external_packages/smarc_modelling/src/smarc_modelling/motion_planning) by extension 'cmake'
[0.271s] Level 1:colcon.colcon_core.package_identification:_identify(external_packages/smarc_modelling/src/smarc_modelling/motion_planning) by extension 'python'
[0.271s] Level 1:colcon.colcon_core.package_identification:_identify(external_packages/smarc_modelling/src/smarc_modelling/motion_planning) by extensions ['python_setup_py']
[0.271s] Level 1:colcon.colcon_core.package_identification:_identify(external_packages/smarc_modelling/src/smarc_modelling/motion_planning) by extension 'python_setup_py'
[0.272s] Level 1:colcon.colcon_core.package_identification:_identify(external_packages/smarc_modelling/src/smarc_modelling/motion_planning/MotionPrimitives) by extensions ['ignore', 'ignore_ament_install']
[0.272s] Level 1:colcon.colcon_core.package_identification:_identify(external_packages/smarc_modelling/src/smarc_modelling/motion_planning/MotionPrimitives) by extension 'ignore'
[0.272s] Level 1:colcon.colcon_core.package_identification:_identify(external_packages/smarc_modelling/src/smarc_modelling/motion_planning/MotionPrimitives) by extension 'ignore_ament_install'
[0.272s] Level 1:colcon.colcon_core.package_identification:_identify(external_packages/smarc_modelling/src/smarc_modelling/motion_planning/MotionPrimitives) by extensions ['colcon_pkg']
[0.272s] Level 1:colcon.colcon_core.package_identification:_identify(external_packages/smarc_modelling/src/smarc_modelling/motion_planning/MotionPrimitives) by extension 'colcon_pkg'
[0.272s] Level 1:colcon.colcon_core.package_identification:_identify(external_packages/smarc_modelling/src/smarc_modelling/motion_planning/MotionPrimitives) by extensions ['colcon_meta']
[0.272s] Level 1:colcon.colcon_core.package_identification:_identify(external_packages/smarc_modelling/src/smarc_modelling/motion_planning/MotionPrimitives) by extension 'colcon_meta'
[0.272s] Level 1:colcon.colcon_core.package_identification:_identify(external_packages/smarc_modelling/src/smarc_modelling/motion_planning/MotionPrimitives) by extensions ['ros']
[0.272s] Level 1:colcon.colcon_core.package_identification:_identify(external_packages/smarc_modelling/src/smarc_modelling/motion_planning/MotionPrimitives) by extension 'ros'
[0.272s] Level 1:colcon.colcon_core.package_identification:_identify(external_packages/smarc_modelling/src/smarc_modelling/motion_planning/MotionPrimitives) by extensions ['cmake', 'python']
[0.272s] Level 1:colcon.colcon_core.package_identification:_identify(external_packages/smarc_modelling/src/smarc_modelling/motion_planning/MotionPrimitives) by extension 'cmake'
[0.273s] Level 1:colcon.colcon_core.package_identification:_identify(external_packages/smarc_modelling/src/smarc_modelling/motion_planning/MotionPrimitives) by extension 'python'
[0.273s] Level 1:colcon.colcon_core.package_identification:_identify(external_packages/smarc_modelling/src/smarc_modelling/motion_planning/MotionPrimitives) by extensions ['python_setup_py']
[0.273s] Level 1:colcon.colcon_core.package_identification:_identify(external_packages/smarc_modelling/src/smarc_modelling/motion_planning/MotionPrimitives) by extension 'python_setup_py'
[0.273s] Level 1:colcon.colcon_core.package_identification:_identify(external_packages/smarc_modelling/src/smarc_modelling/motion_planning/MotionPrimitives/Images) by extensions ['ignore', 'ignore_ament_install']
[0.273s] Level 1:colcon.colcon_core.package_identification:_identify(external_packages/smarc_modelling/src/smarc_modelling/motion_planning/MotionPrimitives/Images) by extension 'ignore'
[0.273s] Level 1:colcon.colcon_core.package_identification:_identify(external_packages/smarc_modelling/src/smarc_modelling/motion_planning/MotionPrimitives/Images) by extension 'ignore_ament_install'
[0.273s] Level 1:colcon.colcon_core.package_identification:_identify(external_packages/smarc_modelling/src/smarc_modelling/motion_planning/MotionPrimitives/Images) by extensions ['colcon_pkg']
[0.274s] Level 1:colcon.colcon_core.package_identification:_identify(external_packages/smarc_modelling/src/smarc_modelling/motion_planning/MotionPrimitives/Images) by extension 'colcon_pkg'
[0.274s] Level 1:colcon.colcon_core.package_identification:_identify(external_packages/smarc_modelling/src/smarc_modelling/motion_planning/MotionPrimitives/Images) by extensions ['colcon_meta']
[0.274s] Level 1:colcon.colcon_core.package_identification:_identify(external_packages/smarc_modelling/src/smarc_modelling/motion_planning/MotionPrimitives/Images) by extension 'colcon_meta'
[0.274s] Level 1:colcon.colcon_core.package_identification:_identify(external_packages/smarc_modelling/src/smarc_modelling/motion_planning/MotionPrimitives/Images) by extensions ['ros']
[0.274s] Level 1:colcon.colcon_core.package_identification:_identify(external_packages/smarc_modelling/src/smarc_modelling/motion_planning/MotionPrimitives/Images) by extension 'ros'
[0.274s] Level 1:colcon.colcon_core.package_identification:_identify(external_packages/smarc_modelling/src/smarc_modelling/motion_planning/MotionPrimitives/Images) by extensions ['cmake', 'python']
[0.274s] Level 1:colcon.colcon_core.package_identification:_identify(external_packages/smarc_modelling/src/smarc_modelling/motion_planning/MotionPrimitives/Images) by extension 'cmake'
[0.274s] Level 1:colcon.colcon_core.package_identification:_identify(external_packages/smarc_modelling/src/smarc_modelling/motion_planning/MotionPrimitives/Images) by extension 'python'
[0.274s] Level 1:colcon.colcon_core.package_identification:_identify(external_packages/smarc_modelling/src/smarc_modelling/motion_planning/MotionPrimitives/Images) by extensions ['python_setup_py']
[0.274s] Level 1:colcon.colcon_core.package_identification:_identify(external_packages/smarc_modelling/src/smarc_modelling/motion_planning/MotionPrimitives/Images) by extension 'python_setup_py'
[0.275s] Level 1:colcon.colcon_core.package_identification:_identify(external_packages/smarc_modelling/src/smarc_modelling/motion_planning/MotionPrimitives/Optimizer) by extensions ['ignore', 'ignore_ament_install']
[0.275s] Level 1:colcon.colcon_core.package_identification:_identify(external_packages/smarc_modelling/src/smarc_modelling/motion_planning/MotionPrimitives/Optimizer) by extension 'ignore'
[0.275s] Level 1:colcon.colcon_core.package_identification:_identify(external_packages/smarc_modelling/src/smarc_modelling/motion_planning/MotionPrimitives/Optimizer) by extension 'ignore_ament_install'
[0.275s] Level 1:colcon.colcon_core.package_identification:_identify(external_packages/smarc_modelling/src/smarc_modelling/motion_planning/MotionPrimitives/Optimizer) by extensions ['colcon_pkg']
[0.275s] Level 1:colcon.colcon_core.package_identification:_identify(external_packages/smarc_modelling/src/smarc_modelling/motion_planning/MotionPrimitives/Optimizer) by extension 'colcon_pkg'
[0.275s] Level 1:colcon.colcon_core.package_identification:_identify(external_packages/smarc_modelling/src/smarc_modelling/motion_planning/MotionPrimitives/Optimizer) by extensions ['colcon_meta']
[0.275s] Level 1:colcon.colcon_core.package_identification:_identify(external_packages/smarc_modelling/src/smarc_modelling/motion_planning/MotionPrimitives/Optimizer) by extension 'colcon_meta'
[0.275s] Level 1:colcon.colcon_core.package_identification:_identify(external_packages/smarc_modelling/src/smarc_modelling/motion_planning/MotionPrimitives/Optimizer) by extensions ['ros']
[0.275s] Level 1:colcon.colcon_core.package_identification:_identify(external_packages/smarc_modelling/src/smarc_modelling/motion_planning/MotionPrimitives/Optimizer) by extension 'ros'
[0.276s] Level 1:colcon.colcon_core.package_identification:_identify(external_packages/smarc_modelling/src/smarc_modelling/motion_planning/MotionPrimitives/Optimizer) by extensions ['cmake', 'python']
[0.276s] Level 1:colcon.colcon_core.package_identification:_identify(external_packages/smarc_modelling/src/smarc_modelling/motion_planning/MotionPrimitives/Optimizer) by extension 'cmake'
[0.276s] Level 1:colcon.colcon_core.package_identification:_identify(external_packages/smarc_modelling/src/smarc_modelling/motion_planning/MotionPrimitives/Optimizer) by extension 'python'
[0.276s] Level 1:colcon.colcon_core.package_identification:_identify(external_packages/smarc_modelling/src/smarc_modelling/motion_planning/MotionPrimitives/Optimizer) by extensions ['python_setup_py']
[0.276s] Level 1:colcon.colcon_core.package_identification:_identify(external_packages/smarc_modelling/src/smarc_modelling/motion_planning/MotionPrimitives/Optimizer) by extension 'python_setup_py'
[0.276s] Level 1:colcon.colcon_core.package_identification:_identify(external_packages/smarc_modelling/src/smarc_modelling/piml) by extensions ['ignore', 'ignore_ament_install']
[0.276s] Level 1:colcon.colcon_core.package_identification:_identify(external_packages/smarc_modelling/src/smarc_modelling/piml) by extension 'ignore'
[0.276s] Level 1:colcon.colcon_core.package_identification:_identify(external_packages/smarc_modelling/src/smarc_modelling/piml) by extension 'ignore_ament_install'
[0.277s] Level 1:colcon.colcon_core.package_identification:_identify(external_packages/smarc_modelling/src/smarc_modelling/piml) by extensions ['colcon_pkg']
[0.277s] Level 1:colcon.colcon_core.package_identification:_identify(external_packages/smarc_modelling/src/smarc_modelling/piml) by extension 'colcon_pkg'
[0.277s] Level 1:colcon.colcon_core.package_identification:_identify(external_packages/smarc_modelling/src/smarc_modelling/piml) by extensions ['colcon_meta']
[0.277s] Level 1:colcon.colcon_core.package_identification:_identify(external_packages/smarc_modelling/src/smarc_modelling/piml) by extension 'colcon_meta'
[0.277s] Level 1:colcon.colcon_core.package_identification:_identify(external_packages/smarc_modelling/src/smarc_modelling/piml) by extensions ['ros']
[0.277s] Level 1:colcon.colcon_core.package_identification:_identify(external_packages/smarc_modelling/src/smarc_modelling/piml) by extension 'ros'
[0.277s] Level 1:colcon.colcon_core.package_identification:_identify(external_packages/smarc_modelling/src/smarc_modelling/piml) by extensions ['cmake', 'python']
[0.277s] Level 1:colcon.colcon_core.package_identification:_identify(external_packages/smarc_modelling/src/smarc_modelling/piml) by extension 'cmake'
[0.277s] Level 1:colcon.colcon_core.package_identification:_identify(external_packages/smarc_modelling/src/smarc_modelling/piml) by extension 'python'
[0.278s] Level 1:colcon.colcon_core.package_identification:_identify(external_packages/smarc_modelling/src/smarc_modelling/piml) by extensions ['python_setup_py']
[0.278s] Level 1:colcon.colcon_core.package_identification:_identify(external_packages/smarc_modelling/src/smarc_modelling/piml) by extension 'python_setup_py'
[0.278s] Level 1:colcon.colcon_core.package_identification:_identify(external_packages/smarc_modelling/src/smarc_modelling/piml/models) by extensions ['ignore', 'ignore_ament_install']
[0.278s] Level 1:colcon.colcon_core.package_identification:_identify(external_packages/smarc_modelling/src/smarc_modelling/piml/models) by extension 'ignore'
[0.278s] Level 1:colcon.colcon_core.package_identification:_identify(external_packages/smarc_modelling/src/smarc_modelling/piml/models) by extension 'ignore_ament_install'
[0.278s] Level 1:colcon.colcon_core.package_identification:_identify(external_packages/smarc_modelling/src/smarc_modelling/piml/models) by extensions ['colcon_pkg']
[0.278s] Level 1:colcon.colcon_core.package_identification:_identify(external_packages/smarc_modelling/src/smarc_modelling/piml/models) by extension 'colcon_pkg'
[0.278s] Level 1:colcon.colcon_core.package_identification:_identify(external_packages/smarc_modelling/src/smarc_modelling/piml/models) by extensions ['colcon_meta']
[0.278s] Level 1:colcon.colcon_core.package_identification:_identify(external_packages/smarc_modelling/src/smarc_modelling/piml/models) by extension 'colcon_meta'
[0.279s] Level 1:colcon.colcon_core.package_identification:_identify(external_packages/smarc_modelling/src/smarc_modelling/piml/models) by extensions ['ros']
[0.279s] Level 1:colcon.colcon_core.package_identification:_identify(external_packages/smarc_modelling/src/smarc_modelling/piml/models) by extension 'ros'
[0.279s] Level 1:colcon.colcon_core.package_identification:_identify(external_packages/smarc_modelling/src/smarc_modelling/piml/models) by extensions ['cmake', 'python']
[0.279s] Level 1:colcon.colcon_core.package_identification:_identify(external_packages/smarc_modelling/src/smarc_modelling/piml/models) by extension 'cmake'
[0.279s] Level 1:colcon.colcon_core.package_identification:_identify(external_packages/smarc_modelling/src/smarc_modelling/piml/models) by extension 'python'
[0.279s] Level 1:colcon.colcon_core.package_identification:_identify(external_packages/smarc_modelling/src/smarc_modelling/piml/models) by extensions ['python_setup_py']
[0.279s] Level 1:colcon.colcon_core.package_identification:_identify(external_packages/smarc_modelling/src/smarc_modelling/piml/models) by extension 'python_setup_py'
[0.279s] Level 1:colcon.colcon_core.package_identification:_identify(external_packages/smarc_modelling/src/smarc_modelling/piml/piml_msgs) by extensions ['ignore', 'ignore_ament_install']
[0.280s] Level 1:colcon.colcon_core.package_identification:_identify(external_packages/smarc_modelling/src/smarc_modelling/piml/piml_msgs) by extension 'ignore'
[0.280s] Level 1:colcon.colcon_core.package_identification:_identify(external_packages/smarc_modelling/src/smarc_modelling/piml/piml_msgs) by extension 'ignore_ament_install'
[0.280s] Level 1:colcon.colcon_core.package_identification:_identify(external_packages/smarc_modelling/src/smarc_modelling/piml/piml_msgs) by extensions ['colcon_pkg']
[0.280s] Level 1:colcon.colcon_core.package_identification:_identify(external_packages/smarc_modelling/src/smarc_modelling/piml/piml_msgs) by extension 'colcon_pkg'
[0.280s] Level 1:colcon.colcon_core.package_identification:_identify(external_packages/smarc_modelling/src/smarc_modelling/piml/piml_msgs) by extensions ['colcon_meta']
[0.280s] Level 1:colcon.colcon_core.package_identification:_identify(external_packages/smarc_modelling/src/smarc_modelling/piml/piml_msgs) by extension 'colcon_meta'
[0.280s] Level 1:colcon.colcon_core.package_identification:_identify(external_packages/smarc_modelling/src/smarc_modelling/piml/piml_msgs) by extensions ['ros']
[0.280s] Level 1:colcon.colcon_core.package_identification:_identify(external_packages/smarc_modelling/src/smarc_modelling/piml/piml_msgs) by extension 'ros'
[0.281s] DEBUG:colcon.colcon_core.package_identification:Package 'external_packages/smarc_modelling/src/smarc_modelling/piml/piml_msgs' with type 'ros.ament_cmake' and name 'piml_msgs'
[0.282s] Level 1:colcon.colcon_core.package_identification:_identify(external_packages/smarc_modelling/src/smarc_modelling/piml/utils) by extensions ['ignore', 'ignore_ament_install']
[0.282s] Level 1:colcon.colcon_core.package_identification:_identify(external_packages/smarc_modelling/src/smarc_modelling/piml/utils) by extension 'ignore'
[0.282s] Level 1:colcon.colcon_core.package_identification:_identify(external_packages/smarc_modelling/src/smarc_modelling/piml/utils) by extension 'ignore_ament_install'
[0.282s] Level 1:colcon.colcon_core.package_identification:_identify(external_packages/smarc_modelling/src/smarc_modelling/piml/utils) by extensions ['colcon_pkg']
[0.282s] Level 1:colcon.colcon_core.package_identification:_identify(external_packages/smarc_modelling/src/smarc_modelling/piml/utils) by extension 'colcon_pkg'
[0.282s] Level 1:colcon.colcon_core.package_identification:_identify(external_packages/smarc_modelling/src/smarc_modelling/piml/utils) by extensions ['colcon_meta']
[0.282s] Level 1:colcon.colcon_core.package_identification:_identify(external_packages/smarc_modelling/src/smarc_modelling/piml/utils) by extension 'colcon_meta'
[0.282s] Level 1:colcon.colcon_core.package_identification:_identify(external_packages/smarc_modelling/src/smarc_modelling/piml/utils) by extensions ['ros']
[0.282s] Level 1:colcon.colcon_core.package_identification:_identify(external_packages/smarc_modelling/src/smarc_modelling/piml/utils) by extension 'ros'
[0.282s] Level 1:colcon.colcon_core.package_identification:_identify(external_packages/smarc_modelling/src/smarc_modelling/piml/utils) by extensions ['cmake', 'python']
[0.283s] Level 1:colcon.colcon_core.package_identification:_identify(external_packages/smarc_modelling/src/smarc_modelling/piml/utils) by extension 'cmake'
[0.283s] Level 1:colcon.colcon_core.package_identification:_identify(external_packages/smarc_modelling/src/smarc_modelling/piml/utils) by extension 'python'
[0.283s] Level 1:colcon.colcon_core.package_identification:_identify(external_packages/smarc_modelling/src/smarc_modelling/piml/utils) by extensions ['python_setup_py']
[0.283s] Level 1:colcon.colcon_core.package_identification:_identify(external_packages/smarc_modelling/src/smarc_modelling/piml/utils) by extension 'python_setup_py'
[0.283s] Level 1:colcon.colcon_core.package_identification:_identify(external_packages/smarc_modelling/src/smarc_modelling/vehicles) by extensions ['ignore', 'ignore_ament_install']
[0.283s] Level 1:colcon.colcon_core.package_identification:_identify(external_packages/smarc_modelling/src/smarc_modelling/vehicles) by extension 'ignore'
[0.283s] Level 1:colcon.colcon_core.package_identification:_identify(external_packages/smarc_modelling/src/smarc_modelling/vehicles) by extension 'ignore_ament_install'
[0.283s] Level 1:colcon.colcon_core.package_identification:_identify(external_packages/smarc_modelling/src/smarc_modelling/vehicles) by extensions ['colcon_pkg']
[0.283s] Level 1:colcon.colcon_core.package_identification:_identify(external_packages/smarc_modelling/src/smarc_modelling/vehicles) by extension 'colcon_pkg'
[0.283s] Level 1:colcon.colcon_core.package_identification:_identify(external_packages/smarc_modelling/src/smarc_modelling/vehicles) by extensions ['colcon_meta']
[0.284s] Level 1:colcon.colcon_core.package_identification:_identify(external_packages/smarc_modelling/src/smarc_modelling/vehicles) by extension 'colcon_meta'
[0.284s] Level 1:colcon.colcon_core.package_identification:_identify(external_packages/smarc_modelling/src/smarc_modelling/vehicles) by extensions ['ros']
[0.284s] Level 1:colcon.colcon_core.package_identification:_identify(external_packages/smarc_modelling/src/smarc_modelling/vehicles) by extension 'ros'
[0.284s] Level 1:colcon.colcon_core.package_identification:_identify(external_packages/smarc_modelling/src/smarc_modelling/vehicles) by extensions ['cmake', 'python']
[0.284s] Level 1:colcon.colcon_core.package_identification:_identify(external_packages/smarc_modelling/src/smarc_modelling/vehicles) by extension 'cmake'
[0.284s] Level 1:colcon.colcon_core.package_identification:_identify(external_packages/smarc_modelling/src/smarc_modelling/vehicles) by extension 'python'
[0.284s] Level 1:colcon.colcon_core.package_identification:_identify(external_packages/smarc_modelling/src/smarc_modelling/vehicles) by extensions ['python_setup_py']
[0.284s] Level 1:colcon.colcon_core.package_identification:_identify(external_packages/smarc_modelling/src/smarc_modelling/vehicles) by extension 'python_setup_py'
[0.284s] Level 1:colcon.colcon_core.package_identification:_identify(install) by extensions ['ignore', 'ignore_ament_install']
[0.284s] Level 1:colcon.colcon_core.package_identification:_identify(install) by extension 'ignore'
[0.285s] Level 1:colcon.colcon_core.package_identification:_identify(install) ignored
[0.285s] Level 1:colcon.colcon_core.package_identification:_identify(log) by extensions ['ignore', 'ignore_ament_install']
[0.285s] Level 1:colcon.colcon_core.package_identification:_identify(log) by extension 'ignore'
[0.285s] Level 1:colcon.colcon_core.package_identification:_identify(log) ignored
[0.286s] Level 1:colcon.colcon_core.package_identification:_identify(messages) by extensions ['ignore', 'ignore_ament_install']
[0.286s] Level 1:colcon.colcon_core.package_identification:_identify(messages) by extension 'ignore'
[0.286s] Level 1:colcon.colcon_core.package_identification:_identify(messages) by extension 'ignore_ament_install'
[0.286s] Level 1:colcon.colcon_core.package_identification:_identify(messages) by extensions ['colcon_pkg']
[0.286s] Level 1:colcon.colcon_core.package_identification:_identify(messages) by extension 'colcon_pkg'
[0.286s] Level 1:colcon.colcon_core.package_identification:_identify(messages) by extensions ['colcon_meta']
[0.286s] Level 1:colcon.colcon_core.package_identification:_identify(messages) by extension 'colcon_meta'
[0.286s] Level 1:colcon.colcon_core.package_identification:_identify(messages) by extensions ['ros']
[0.286s] Level 1:colcon.colcon_core.package_identification:_identify(messages) by extension 'ros'
[0.287s] Level 1:colcon.colcon_core.package_identification:_identify(messages) by extensions ['cmake', 'python']
[0.287s] Level 1:colcon.colcon_core.package_identification:_identify(messages) by extension 'cmake'
[0.287s] Level 1:colcon.colcon_core.package_identification:_identify(messages) by extension 'python'
[0.287s] Level 1:colcon.colcon_core.package_identification:_identify(messages) by extensions ['python_setup_py']
[0.287s] Level 1:colcon.colcon_core.package_identification:_identify(messages) by extension 'python_setup_py'
[0.287s] Level 1:colcon.colcon_core.package_identification:_identify(messages/dead_reckoning_msgs) by extensions ['ignore', 'ignore_ament_install']
[0.287s] Level 1:colcon.colcon_core.package_identification:_identify(messages/dead_reckoning_msgs) by extension 'ignore'
[0.287s] Level 1:colcon.colcon_core.package_identification:_identify(messages/dead_reckoning_msgs) by extension 'ignore_ament_install'
[0.288s] Level 1:colcon.colcon_core.package_identification:_identify(messages/dead_reckoning_msgs) by extensions ['colcon_pkg']
[0.288s] Level 1:colcon.colcon_core.package_identification:_identify(messages/dead_reckoning_msgs) by extension 'colcon_pkg'
[0.288s] Level 1:colcon.colcon_core.package_identification:_identify(messages/dead_reckoning_msgs) by extensions ['colcon_meta']
[0.288s] Level 1:colcon.colcon_core.package_identification:_identify(messages/dead_reckoning_msgs) by extension 'colcon_meta'
[0.288s] Level 1:colcon.colcon_core.package_identification:_identify(messages/dead_reckoning_msgs) by extensions ['ros']
[0.288s] Level 1:colcon.colcon_core.package_identification:_identify(messages/dead_reckoning_msgs) by extension 'ros'
[0.289s] DEBUG:colcon.colcon_core.package_identification:Package 'messages/dead_reckoning_msgs' with type 'ros.ament_cmake' and name 'dead_reckoning_msgs'
[0.289s] Level 1:colcon.colcon_core.package_identification:_identify(messages/dji_msgs) by extensions ['ignore', 'ignore_ament_install']
[0.289s] Level 1:colcon.colcon_core.package_identification:_identify(messages/dji_msgs) by extension 'ignore'
[0.289s] Level 1:colcon.colcon_core.package_identification:_identify(messages/dji_msgs) by extension 'ignore_ament_install'
[0.289s] Level 1:colcon.colcon_core.package_identification:_identify(messages/dji_msgs) by extensions ['colcon_pkg']
[0.289s] Level 1:colcon.colcon_core.package_identification:_identify(messages/dji_msgs) by extension 'colcon_pkg'
[0.290s] Level 1:colcon.colcon_core.package_identification:_identify(messages/dji_msgs) by extensions ['colcon_meta']
[0.290s] Level 1:colcon.colcon_core.package_identification:_identify(messages/dji_msgs) by extension 'colcon_meta'
[0.290s] Level 1:colcon.colcon_core.package_identification:_identify(messages/dji_msgs) by extensions ['ros']
[0.290s] Level 1:colcon.colcon_core.package_identification:_identify(messages/dji_msgs) by extension 'ros'
[0.291s] DEBUG:colcon.colcon_core.package_identification:Package 'messages/dji_msgs' with type 'ros.ament_cmake' and name 'dji_msgs'
[0.291s] Level 1:colcon.colcon_core.package_identification:_identify(messages/drone_msgs) by extensions ['ignore', 'ignore_ament_install']
[0.291s] Level 1:colcon.colcon_core.package_identification:_identify(messages/drone_msgs) by extension 'ignore'
[0.291s] Level 1:colcon.colcon_core.package_identification:_identify(messages/drone_msgs) by extension 'ignore_ament_install'
[0.292s] Level 1:colcon.colcon_core.package_identification:_identify(messages/drone_msgs) by extensions ['colcon_pkg']
[0.292s] Level 1:colcon.colcon_core.package_identification:_identify(messages/drone_msgs) by extension 'colcon_pkg'
[0.292s] Level 1:colcon.colcon_core.package_identification:_identify(messages/drone_msgs) by extensions ['colcon_meta']
[0.292s] Level 1:colcon.colcon_core.package_identification:_identify(messages/drone_msgs) by extension 'colcon_meta'
[0.292s] Level 1:colcon.colcon_core.package_identification:_identify(messages/drone_msgs) by extensions ['ros']
[0.292s] Level 1:colcon.colcon_core.package_identification:_identify(messages/drone_msgs) by extension 'ros'
[0.293s] DEBUG:colcon.colcon_core.package_identification:Package 'messages/drone_msgs' with type 'ros.ament_cmake' and name 'drone_msgs'
[0.293s] Level 1:colcon.colcon_core.package_identification:_identify(messages/evolo_msgs) by extensions ['ignore', 'ignore_ament_install']
[0.293s] Level 1:colcon.colcon_core.package_identification:_identify(messages/evolo_msgs) by extension 'ignore'
[0.293s] Level 1:colcon.colcon_core.package_identification:_identify(messages/evolo_msgs) by extension 'ignore_ament_install'
[0.293s] Level 1:colcon.colcon_core.package_identification:_identify(messages/evolo_msgs) by extensions ['colcon_pkg']
[0.293s] Level 1:colcon.colcon_core.package_identification:_identify(messages/evolo_msgs) by extension 'colcon_pkg'
[0.293s] Level 1:colcon.colcon_core.package_identification:_identify(messages/evolo_msgs) by extensions ['colcon_meta']
[0.293s] Level 1:colcon.colcon_core.package_identification:_identify(messages/evolo_msgs) by extension 'colcon_meta'
[0.293s] Level 1:colcon.colcon_core.package_identification:_identify(messages/evolo_msgs) by extensions ['ros']
[0.293s] Level 1:colcon.colcon_core.package_identification:_identify(messages/evolo_msgs) by extension 'ros'
[0.294s] DEBUG:colcon.colcon_core.package_identification:Package 'messages/evolo_msgs' with type 'ros.ament_cmake' and name 'evolo_msgs'
[0.294s] Level 1:colcon.colcon_core.package_identification:_identify(messages/lolo_msgs) by extensions ['ignore', 'ignore_ament_install']
[0.295s] Level 1:colcon.colcon_core.package_identification:_identify(messages/lolo_msgs) by extension 'ignore'
[0.295s] Level 1:colcon.colcon_core.package_identification:_identify(messages/lolo_msgs) by extension 'ignore_ament_install'
[0.295s] Level 1:colcon.colcon_core.package_identification:_identify(messages/lolo_msgs) by extensions ['colcon_pkg']
[0.295s] Level 1:colcon.colcon_core.package_identification:_identify(messages/lolo_msgs) by extension 'colcon_pkg'
[0.295s] Level 1:colcon.colcon_core.package_identification:_identify(messages/lolo_msgs) by extensions ['colcon_meta']
[0.295s] Level 1:colcon.colcon_core.package_identification:_identify(messages/lolo_msgs) by extension 'colcon_meta'
[0.295s] Level 1:colcon.colcon_core.package_identification:_identify(messages/lolo_msgs) by extensions ['ros']
[0.295s] Level 1:colcon.colcon_core.package_identification:_identify(messages/lolo_msgs) by extension 'ros'
[0.296s] DEBUG:colcon.colcon_core.package_identification:Package 'messages/lolo_msgs' with type 'ros.ament_cmake' and name 'lolo_msgs'
[0.296s] Level 1:colcon.colcon_core.package_identification:_identify(messages/psdk_interfaces) by extensions ['ignore', 'ignore_ament_install']
[0.296s] Level 1:colcon.colcon_core.package_identification:_identify(messages/psdk_interfaces) by extension 'ignore'
[0.296s] Level 1:colcon.colcon_core.package_identification:_identify(messages/psdk_interfaces) by extension 'ignore_ament_install'
[0.296s] Level 1:colcon.colcon_core.package_identification:_identify(messages/psdk_interfaces) by extensions ['colcon_pkg']
[0.296s] Level 1:colcon.colcon_core.package_identification:_identify(messages/psdk_interfaces) by extension 'colcon_pkg'
[0.296s] Level 1:colcon.colcon_core.package_identification:_identify(messages/psdk_interfaces) by extensions ['colcon_meta']
[0.296s] Level 1:colcon.colcon_core.package_identification:_identify(messages/psdk_interfaces) by extension 'colcon_meta'
[0.296s] Level 1:colcon.colcon_core.package_identification:_identify(messages/psdk_interfaces) by extensions ['ros']
[0.296s] Level 1:colcon.colcon_core.package_identification:_identify(messages/psdk_interfaces) by extension 'ros'
[0.297s] Level 1:colcon.colcon_core.package_identification:_identify(messages/psdk_interfaces) by extensions ['cmake', 'python']
[0.297s] Level 1:colcon.colcon_core.package_identification:_identify(messages/psdk_interfaces) by extension 'cmake'
[0.297s] Level 1:colcon.colcon_core.package_identification:_identify(messages/psdk_interfaces) by extension 'python'
[0.297s] Level 1:colcon.colcon_core.package_identification:_identify(messages/psdk_interfaces) by extensions ['python_setup_py']
[0.297s] Level 1:colcon.colcon_core.package_identification:_identify(messages/psdk_interfaces) by extension 'python_setup_py'
[0.297s] Level 1:colcon.colcon_core.package_identification:_identify(messages/sam_graph_slam_2_msgs) by extensions ['ignore', 'ignore_ament_install']
[0.297s] Level 1:colcon.colcon_core.package_identification:_identify(messages/sam_graph_slam_2_msgs) by extension 'ignore'
[0.297s] Level 1:colcon.colcon_core.package_identification:_identify(messages/sam_graph_slam_2_msgs) by extension 'ignore_ament_install'
[0.297s] Level 1:colcon.colcon_core.package_identification:_identify(messages/sam_graph_slam_2_msgs) by extensions ['colcon_pkg']
[0.298s] Level 1:colcon.colcon_core.package_identification:_identify(messages/sam_graph_slam_2_msgs) by extension 'colcon_pkg'
[0.298s] Level 1:colcon.colcon_core.package_identification:_identify(messages/sam_graph_slam_2_msgs) by extensions ['colcon_meta']
[0.298s] Level 1:colcon.colcon_core.package_identification:_identify(messages/sam_graph_slam_2_msgs) by extension 'colcon_meta'
[0.298s] Level 1:colcon.colcon_core.package_identification:_identify(messages/sam_graph_slam_2_msgs) by extensions ['ros']
[0.298s] Level 1:colcon.colcon_core.package_identification:_identify(messages/sam_graph_slam_2_msgs) by extension 'ros'
[0.298s] DEBUG:colcon.colcon_core.package_identification:Package 'messages/sam_graph_slam_2_msgs' with type 'ros.ament_cmake' and name 'sam_graph_slam_2_msgs'
[0.299s] Level 1:colcon.colcon_core.package_identification:_identify(messages/sam_msgs) by extensions ['ignore', 'ignore_ament_install']
[0.299s] Level 1:colcon.colcon_core.package_identification:_identify(messages/sam_msgs) by extension 'ignore'
[0.299s] Level 1:colcon.colcon_core.package_identification:_identify(messages/sam_msgs) by extension 'ignore_ament_install'
[0.299s] Level 1:colcon.colcon_core.package_identification:_identify(messages/sam_msgs) by extensions ['colcon_pkg']
[0.299s] Level 1:colcon.colcon_core.package_identification:_identify(messages/sam_msgs) by extension 'colcon_pkg'
[0.299s] Level 1:colcon.colcon_core.package_identification:_identify(messages/sam_msgs) by extensions ['colcon_meta']
[0.299s] Level 1:colcon.colcon_core.package_identification:_identify(messages/sam_msgs) by extension 'colcon_meta'
[0.299s] Level 1:colcon.colcon_core.package_identification:_identify(messages/sam_msgs) by extensions ['ros']
[0.299s] Level 1:colcon.colcon_core.package_identification:_identify(messages/sam_msgs) by extension 'ros'
[0.300s] DEBUG:colcon.colcon_core.package_identification:Package 'messages/sam_msgs' with type 'ros.ament_cmake' and name 'sam_msgs'
[0.300s] Level 1:colcon.colcon_core.package_identification:_identify(messages/smarc_control_msgs) by extensions ['ignore', 'ignore_ament_install']
[0.300s] Level 1:colcon.colcon_core.package_identification:_identify(messages/smarc_control_msgs) by extension 'ignore'
[0.301s] Level 1:colcon.colcon_core.package_identification:_identify(messages/smarc_control_msgs) by extension 'ignore_ament_install'
[0.301s] Level 1:colcon.colcon_core.package_identification:_identify(messages/smarc_control_msgs) by extensions ['colcon_pkg']
[0.301s] Level 1:colcon.colcon_core.package_identification:_identify(messages/smarc_control_msgs) by extension 'colcon_pkg'
[0.301s] Level 1:colcon.colcon_core.package_identification:_identify(messages/smarc_control_msgs) by extensions ['colcon_meta']
[0.301s] Level 1:colcon.colcon_core.package_identification:_identify(messages/smarc_control_msgs) by extension 'colcon_meta'
[0.301s] Level 1:colcon.colcon_core.package_identification:_identify(messages/smarc_control_msgs) by extensions ['ros']
[0.301s] Level 1:colcon.colcon_core.package_identification:_identify(messages/smarc_control_msgs) by extension 'ros'
[0.302s] DEBUG:colcon.colcon_core.package_identification:Package 'messages/smarc_control_msgs' with type 'ros.ament_cmake' and name 'smarc_control_msgs'
[0.302s] Level 1:colcon.colcon_core.package_identification:_identify(messages/smarc_mission_msgs) by extensions ['ignore', 'ignore_ament_install']
[0.302s] Level 1:colcon.colcon_core.package_identification:_identify(messages/smarc_mission_msgs) by extension 'ignore'
[0.302s] Level 1:colcon.colcon_core.package_identification:_identify(messages/smarc_mission_msgs) by extension 'ignore_ament_install'
[0.302s] Level 1:colcon.colcon_core.package_identification:_identify(messages/smarc_mission_msgs) by extensions ['colcon_pkg']
[0.302s] Level 1:colcon.colcon_core.package_identification:_identify(messages/smarc_mission_msgs) by extension 'colcon_pkg'
[0.303s] Level 1:colcon.colcon_core.package_identification:_identify(messages/smarc_mission_msgs) by extensions ['colcon_meta']
[0.303s] Level 1:colcon.colcon_core.package_identification:_identify(messages/smarc_mission_msgs) by extension 'colcon_meta'
[0.303s] Level 1:colcon.colcon_core.package_identification:_identify(messages/smarc_mission_msgs) by extensions ['ros']
[0.303s] Level 1:colcon.colcon_core.package_identification:_identify(messages/smarc_mission_msgs) by extension 'ros'
[0.304s] DEBUG:colcon.colcon_core.package_identification:Package 'messages/smarc_mission_msgs' with type 'ros.ament_cmake' and name 'smarc_mission_msgs'
[0.304s] Level 1:colcon.colcon_core.package_identification:_identify(messages/smarc_msgs) by extensions ['ignore', 'ignore_ament_install']
[0.304s] Level 1:colcon.colcon_core.package_identification:_identify(messages/smarc_msgs) by extension 'ignore'
[0.304s] Level 1:colcon.colcon_core.package_identification:_identify(messages/smarc_msgs) by extension 'ignore_ament_install'
[0.304s] Level 1:colcon.colcon_core.package_identification:_identify(messages/smarc_msgs) by extensions ['colcon_pkg']
[0.304s] Level 1:colcon.colcon_core.package_identification:_identify(messages/smarc_msgs) by extension 'colcon_pkg'
[0.305s] Level 1:colcon.colcon_core.package_identification:_identify(messages/smarc_msgs) by extensions ['colcon_meta']
[0.305s] Level 1:colcon.colcon_core.package_identification:_identify(messages/smarc_msgs) by extension 'colcon_meta'
[0.305s] Level 1:colcon.colcon_core.package_identification:_identify(messages/smarc_msgs) by extensions ['ros']
[0.305s] Level 1:colcon.colcon_core.package_identification:_identify(messages/smarc_msgs) by extension 'ros'
[0.305s] DEBUG:colcon.colcon_core.package_identification:Package 'messages/smarc_msgs' with type 'ros.ament_cmake' and name 'smarc_msgs'
[0.305s] Level 1:colcon.colcon_core.package_identification:_identify(navigation) by extensions ['ignore', 'ignore_ament_install']
[0.305s] Level 1:colcon.colcon_core.package_identification:_identify(navigation) by extension 'ignore'
[0.306s] Level 1:colcon.colcon_core.package_identification:_identify(navigation) by extension 'ignore_ament_install'
[0.306s] Level 1:colcon.colcon_core.package_identification:_identify(navigation) by extensions ['colcon_pkg']
[0.306s] Level 1:colcon.colcon_core.package_identification:_identify(navigation) by extension 'colcon_pkg'
[0.306s] Level 1:colcon.colcon_core.package_identification:_identify(navigation) by extensions ['colcon_meta']
[0.306s] Level 1:colcon.colcon_core.package_identification:_identify(navigation) by extension 'colcon_meta'
[0.306s] Level 1:colcon.colcon_core.package_identification:_identify(navigation) by extensions ['ros']
[0.306s] Level 1:colcon.colcon_core.package_identification:_identify(navigation) by extension 'ros'
[0.306s] Level 1:colcon.colcon_core.package_identification:_identify(navigation) by extensions ['cmake', 'python']
[0.306s] Level 1:colcon.colcon_core.package_identification:_identify(navigation) by extension 'cmake'
[0.306s] Level 1:colcon.colcon_core.package_identification:_identify(navigation) by extension 'python'
[0.306s] Level 1:colcon.colcon_core.package_identification:_identify(navigation) by extensions ['python_setup_py']
[0.306s] Level 1:colcon.colcon_core.package_identification:_identify(navigation) by extension 'python_setup_py'
[0.307s] Level 1:colcon.colcon_core.package_identification:_identify(navigation/dead_reckoning) by extensions ['ignore', 'ignore_ament_install']
[0.307s] Level 1:colcon.colcon_core.package_identification:_identify(navigation/dead_reckoning) by extension 'ignore'
[0.307s] Level 1:colcon.colcon_core.package_identification:_identify(navigation/dead_reckoning) by extension 'ignore_ament_install'
[0.307s] Level 1:colcon.colcon_core.package_identification:_identify(navigation/dead_reckoning) by extensions ['colcon_pkg']
[0.307s] Level 1:colcon.colcon_core.package_identification:_identify(navigation/dead_reckoning) by extension 'colcon_pkg'
[0.307s] Level 1:colcon.colcon_core.package_identification:_identify(navigation/dead_reckoning) by extensions ['colcon_meta']
[0.307s] Level 1:colcon.colcon_core.package_identification:_identify(navigation/dead_reckoning) by extension 'colcon_meta'
[0.307s] Level 1:colcon.colcon_core.package_identification:_identify(navigation/dead_reckoning) by extensions ['ros']
[0.307s] Level 1:colcon.colcon_core.package_identification:_identify(navigation/dead_reckoning) by extension 'ros'
[0.307s] Level 1:colcon.colcon_core.package_identification:_identify(navigation/dead_reckoning) by extensions ['cmake', 'python']
[0.307s] Level 1:colcon.colcon_core.package_identification:_identify(navigation/dead_reckoning) by extension 'cmake'
[0.307s] Level 1:colcon.colcon_core.package_identification:_identify(navigation/dead_reckoning) by extension 'python'
[0.308s] Level 1:colcon.colcon_core.package_identification:_identify(navigation/dead_reckoning) by extensions ['python_setup_py']
[0.308s] Level 1:colcon.colcon_core.package_identification:_identify(navigation/dead_reckoning) by extension 'python_setup_py'
[0.308s] Level 1:colcon.colcon_core.package_identification:_identify(navigation/dead_reckoning/brov) by extensions ['ignore', 'ignore_ament_install']
[0.308s] Level 1:colcon.colcon_core.package_identification:_identify(navigation/dead_reckoning/brov) by extension 'ignore'
[0.308s] Level 1:colcon.colcon_core.package_identification:_identify(navigation/dead_reckoning/brov) by extension 'ignore_ament_install'
[0.308s] Level 1:colcon.colcon_core.package_identification:_identify(navigation/dead_reckoning/brov) by extensions ['colcon_pkg']
[0.308s] Level 1:colcon.colcon_core.package_identification:_identify(navigation/dead_reckoning/brov) by extension 'colcon_pkg'
[0.308s] Level 1:colcon.colcon_core.package_identification:_identify(navigation/dead_reckoning/brov) by extensions ['colcon_meta']
[0.308s] Level 1:colcon.colcon_core.package_identification:_identify(navigation/dead_reckoning/brov) by extension 'colcon_meta'
[0.308s] Level 1:colcon.colcon_core.package_identification:_identify(navigation/dead_reckoning/brov) by extensions ['ros']
[0.308s] Level 1:colcon.colcon_core.package_identification:_identify(navigation/dead_reckoning/brov) by extension 'ros'
[0.308s] Level 1:colcon.colcon_core.package_identification:_identify(navigation/dead_reckoning/brov) by extensions ['cmake', 'python']
[0.309s] Level 1:colcon.colcon_core.package_identification:_identify(navigation/dead_reckoning/brov) by extension 'cmake'
[0.309s] Level 1:colcon.colcon_core.package_identification:_identify(navigation/dead_reckoning/brov) by extension 'python'
[0.309s] Level 1:colcon.colcon_core.package_identification:_identify(navigation/dead_reckoning/brov) by extensions ['python_setup_py']
[0.309s] Level 1:colcon.colcon_core.package_identification:_identify(navigation/dead_reckoning/brov) by extension 'python_setup_py'
[0.309s] Level 1:colcon.colcon_core.package_identification:_identify(navigation/dead_reckoning/brov/brov_dr) by extensions ['ignore', 'ignore_ament_install']
[0.309s] Level 1:colcon.colcon_core.package_identification:_identify(navigation/dead_reckoning/brov/brov_dr) by extension 'ignore'
[0.309s] Level 1:colcon.colcon_core.package_identification:_identify(navigation/dead_reckoning/brov/brov_dr) by extension 'ignore_ament_install'
[0.309s] Level 1:colcon.colcon_core.package_identification:_identify(navigation/dead_reckoning/brov/brov_dr) by extensions ['colcon_pkg']
[0.309s] Level 1:colcon.colcon_core.package_identification:_identify(navigation/dead_reckoning/brov/brov_dr) by extension 'colcon_pkg'
[0.310s] Level 1:colcon.colcon_core.package_identification:_identify(navigation/dead_reckoning/brov/brov_dr) by extensions ['colcon_meta']
[0.310s] Level 1:colcon.colcon_core.package_identification:_identify(navigation/dead_reckoning/brov/brov_dr) by extension 'colcon_meta'
[0.310s] Level 1:colcon.colcon_core.package_identification:_identify(navigation/dead_reckoning/brov/brov_dr) by extensions ['ros']
[0.310s] Level 1:colcon.colcon_core.package_identification:_identify(navigation/dead_reckoning/brov/brov_dr) by extension 'ros'
[0.310s] DEBUG:colcon.colcon_core.package_identification:Package 'navigation/dead_reckoning/brov/brov_dr' with type 'ros.ament_python' and name 'brov_dr'
[0.310s] Level 1:colcon.colcon_core.package_identification:_identify(navigation/localization) by extensions ['ignore', 'ignore_ament_install']
[0.311s] Level 1:colcon.colcon_core.package_identification:_identify(navigation/localization) by extension 'ignore'
[0.311s] Level 1:colcon.colcon_core.package_identification:_identify(navigation/localization) by extension 'ignore_ament_install'
[0.311s] Level 1:colcon.colcon_core.package_identification:_identify(navigation/localization) by extensions ['colcon_pkg']
[0.311s] Level 1:colcon.colcon_core.package_identification:_identify(navigation/localization) by extension 'colcon_pkg'
[0.311s] Level 1:colcon.colcon_core.package_identification:_identify(navigation/localization) by extensions ['colcon_meta']
[0.311s] Level 1:colcon.colcon_core.package_identification:_identify(navigation/localization) by extension 'colcon_meta'
[0.311s] Level 1:colcon.colcon_core.package_identification:_identify(navigation/localization) by extensions ['ros']
[0.311s] Level 1:colcon.colcon_core.package_identification:_identify(navigation/localization) by extension 'ros'
[0.311s] Level 1:colcon.colcon_core.package_identification:_identify(navigation/localization) by extensions ['cmake', 'python']
[0.311s] Level 1:colcon.colcon_core.package_identification:_identify(navigation/localization) by extension 'cmake'
[0.311s] Level 1:colcon.colcon_core.package_identification:_identify(navigation/localization) by extension 'python'
[0.311s] Level 1:colcon.colcon_core.package_identification:_identify(navigation/localization) by extensions ['python_setup_py']
[0.311s] Level 1:colcon.colcon_core.package_identification:_identify(navigation/localization) by extension 'python_setup_py'
[0.312s] Level 1:colcon.colcon_core.package_identification:_identify(path_planning) by extensions ['ignore', 'ignore_ament_install']
[0.312s] Level 1:colcon.colcon_core.package_identification:_identify(path_planning) by extension 'ignore'
[0.312s] Level 1:colcon.colcon_core.package_identification:_identify(path_planning) by extension 'ignore_ament_install'
[0.312s] Level 1:colcon.colcon_core.package_identification:_identify(path_planning) by extensions ['colcon_pkg']
[0.312s] Level 1:colcon.colcon_core.package_identification:_identify(path_planning) by extension 'colcon_pkg'
[0.312s] Level 1:colcon.colcon_core.package_identification:_identify(path_planning) by extensions ['colcon_meta']
[0.312s] Level 1:colcon.colcon_core.package_identification:_identify(path_planning) by extension 'colcon_meta'
[0.312s] Level 1:colcon.colcon_core.package_identification:_identify(path_planning) by extensions ['ros']
[0.312s] Level 1:colcon.colcon_core.package_identification:_identify(path_planning) by extension 'ros'
[0.313s] Level 1:colcon.colcon_core.package_identification:_identify(path_planning) by extensions ['cmake', 'python']
[0.313s] Level 1:colcon.colcon_core.package_identification:_identify(path_planning) by extension 'cmake'
[0.313s] Level 1:colcon.colcon_core.package_identification:_identify(path_planning) by extension 'python'
[0.313s] Level 1:colcon.colcon_core.package_identification:_identify(path_planning) by extensions ['python_setup_py']
[0.313s] Level 1:colcon.colcon_core.package_identification:_identify(path_planning) by extension 'python_setup_py'
[0.313s] Level 1:colcon.colcon_core.package_identification:_identify(path_planning/alars) by extensions ['ignore', 'ignore_ament_install']
[0.313s] Level 1:colcon.colcon_core.package_identification:_identify(path_planning/alars) by extension 'ignore'
[0.313s] Level 1:colcon.colcon_core.package_identification:_identify(path_planning/alars) by extension 'ignore_ament_install'
[0.313s] Level 1:colcon.colcon_core.package_identification:_identify(path_planning/alars) by extensions ['colcon_pkg']
[0.313s] Level 1:colcon.colcon_core.package_identification:_identify(path_planning/alars) by extension 'colcon_pkg'
[0.313s] Level 1:colcon.colcon_core.package_identification:_identify(path_planning/alars) by extensions ['colcon_meta']
[0.314s] Level 1:colcon.colcon_core.package_identification:_identify(path_planning/alars) by extension 'colcon_meta'
[0.314s] Level 1:colcon.colcon_core.package_identification:_identify(path_planning/alars) by extensions ['ros']
[0.314s] Level 1:colcon.colcon_core.package_identification:_identify(path_planning/alars) by extension 'ros'
[0.314s] Level 1:colcon.colcon_core.package_identification:_identify(path_planning/alars) by extensions ['cmake', 'python']
[0.314s] Level 1:colcon.colcon_core.package_identification:_identify(path_planning/alars) by extension 'cmake'
[0.314s] Level 1:colcon.colcon_core.package_identification:_identify(path_planning/alars) by extension 'python'
[0.314s] Level 1:colcon.colcon_core.package_identification:_identify(path_planning/alars) by extensions ['python_setup_py']
[0.314s] Level 1:colcon.colcon_core.package_identification:_identify(path_planning/alars) by extension 'python_setup_py'
[0.315s] Level 1:colcon.colcon_core.package_identification:_identify(path_planning/alars/alars_auv_search_planner) by extensions ['ignore', 'ignore_ament_install']
[0.315s] Level 1:colcon.colcon_core.package_identification:_identify(path_planning/alars/alars_auv_search_planner) by extension 'ignore'
[0.315s] Level 1:colcon.colcon_core.package_identification:_identify(path_planning/alars/alars_auv_search_planner) by extension 'ignore_ament_install'
[0.315s] Level 1:colcon.colcon_core.package_identification:_identify(path_planning/alars/alars_auv_search_planner) by extensions ['colcon_pkg']
[0.315s] Level 1:colcon.colcon_core.package_identification:_identify(path_planning/alars/alars_auv_search_planner) by extension 'colcon_pkg'
[0.315s] Level 1:colcon.colcon_core.package_identification:_identify(path_planning/alars/alars_auv_search_planner) by extensions ['colcon_meta']
[0.315s] Level 1:colcon.colcon_core.package_identification:_identify(path_planning/alars/alars_auv_search_planner) by extension 'colcon_meta'
[0.315s] Level 1:colcon.colcon_core.package_identification:_identify(path_planning/alars/alars_auv_search_planner) by extensions ['ros']
[0.315s] Level 1:colcon.colcon_core.package_identification:_identify(path_planning/alars/alars_auv_search_planner) by extension 'ros'
[0.316s] DEBUG:colcon.colcon_core.package_identification:Package 'path_planning/alars/alars_auv_search_planner' with type 'ros.ament_python' and name 'alars_auv_search_planner'
[0.316s] Level 1:colcon.colcon_core.package_identification:_identify(path_planning/lolo) by extensions ['ignore', 'ignore_ament_install']
[0.316s] Level 1:colcon.colcon_core.package_identification:_identify(path_planning/lolo) by extension 'ignore'
[0.316s] Level 1:colcon.colcon_core.package_identification:_identify(path_planning/lolo) by extension 'ignore_ament_install'
[0.316s] Level 1:colcon.colcon_core.package_identification:_identify(path_planning/lolo) by extensions ['colcon_pkg']
[0.317s] Level 1:colcon.colcon_core.package_identification:_identify(path_planning/lolo) by extension 'colcon_pkg'
[0.317s] Level 1:colcon.colcon_core.package_identification:_identify(path_planning/lolo) by extensions ['colcon_meta']
[0.317s] Level 1:colcon.colcon_core.package_identification:_identify(path_planning/lolo) by extension 'colcon_meta'
[0.317s] Level 1:colcon.colcon_core.package_identification:_identify(path_planning/lolo) by extensions ['ros']
[0.317s] Level 1:colcon.colcon_core.package_identification:_identify(path_planning/lolo) by extension 'ros'
[0.317s] Level 1:colcon.colcon_core.package_identification:_identify(path_planning/lolo) by extensions ['cmake', 'python']
[0.317s] Level 1:colcon.colcon_core.package_identification:_identify(path_planning/lolo) by extension 'cmake'
[0.317s] Level 1:colcon.colcon_core.package_identification:_identify(path_planning/lolo) by extension 'python'
[0.317s] Level 1:colcon.colcon_core.package_identification:_identify(path_planning/lolo) by extensions ['python_setup_py']
[0.317s] Level 1:colcon.colcon_core.package_identification:_identify(path_planning/lolo) by extension 'python_setup_py'
[0.317s] Level 1:colcon.colcon_core.package_identification:_identify(path_planning/lolo/lolo_path_planning) by extensions ['ignore', 'ignore_ament_install']
[0.317s] Level 1:colcon.colcon_core.package_identification:_identify(path_planning/lolo/lolo_path_planning) by extension 'ignore'
[0.318s] Level 1:colcon.colcon_core.package_identification:_identify(path_planning/lolo/lolo_path_planning) by extension 'ignore_ament_install'
[0.318s] Level 1:colcon.colcon_core.package_identification:_identify(path_planning/lolo/lolo_path_planning) by extensions ['colcon_pkg']
[0.318s] Level 1:colcon.colcon_core.package_identification:_identify(path_planning/lolo/lolo_path_planning) by extension 'colcon_pkg'
[0.318s] Level 1:colcon.colcon_core.package_identification:_identify(path_planning/lolo/lolo_path_planning) by extensions ['colcon_meta']
[0.318s] Level 1:colcon.colcon_core.package_identification:_identify(path_planning/lolo/lolo_path_planning) by extension 'colcon_meta'
[0.318s] Level 1:colcon.colcon_core.package_identification:_identify(path_planning/lolo/lolo_path_planning) by extensions ['ros']
[0.318s] Level 1:colcon.colcon_core.package_identification:_identify(path_planning/lolo/lolo_path_planning) by extension 'ros'
[0.318s] Level 1:colcon.colcon_core.package_identification:_identify(path_planning/lolo/lolo_path_planning) by extensions ['cmake', 'python']
[0.318s] Level 1:colcon.colcon_core.package_identification:_identify(path_planning/lolo/lolo_path_planning) by extension 'cmake'
[0.318s] Level 1:colcon.colcon_core.package_identification:_identify(path_planning/lolo/lolo_path_planning) by extension 'python'
[0.318s] Level 1:colcon.colcon_core.package_identification:_identify(path_planning/lolo/lolo_path_planning) by extensions ['python_setup_py']
[0.318s] Level 1:colcon.colcon_core.package_identification:_identify(path_planning/lolo/lolo_path_planning) by extension 'python_setup_py'
[0.318s] Level 1:colcon.colcon_core.package_identification:_identify(path_planning/lolo/lolo_path_planning/lolo_2d_path_planner) by extensions ['ignore', 'ignore_ament_install']
[0.319s] Level 1:colcon.colcon_core.package_identification:_identify(path_planning/lolo/lolo_path_planning/lolo_2d_path_planner) by extension 'ignore'
[0.319s] Level 1:colcon.colcon_core.package_identification:_identify(path_planning/lolo/lolo_path_planning/lolo_2d_path_planner) by extension 'ignore_ament_install'
[0.319s] Level 1:colcon.colcon_core.package_identification:_identify(path_planning/lolo/lolo_path_planning/lolo_2d_path_planner) by extensions ['colcon_pkg']
[0.319s] Level 1:colcon.colcon_core.package_identification:_identify(path_planning/lolo/lolo_path_planning/lolo_2d_path_planner) by extension 'colcon_pkg'
[0.319s] Level 1:colcon.colcon_core.package_identification:_identify(path_planning/lolo/lolo_path_planning/lolo_2d_path_planner) by extensions ['colcon_meta']
[0.319s] Level 1:colcon.colcon_core.package_identification:_identify(path_planning/lolo/lolo_path_planning/lolo_2d_path_planner) by extension 'colcon_meta'
[0.319s] Level 1:colcon.colcon_core.package_identification:_identify(path_planning/lolo/lolo_path_planning/lolo_2d_path_planner) by extensions ['ros']
[0.319s] Level 1:colcon.colcon_core.package_identification:_identify(path_planning/lolo/lolo_path_planning/lolo_2d_path_planner) by extension 'ros'
[0.320s] DEBUG:colcon.colcon_core.package_identification:Package 'path_planning/lolo/lolo_path_planning/lolo_2d_path_planner' with type 'ros.ament_cmake' and name 'lolo_2d_path_planner'
[0.320s] Level 1:colcon.colcon_core.package_identification:_identify(path_planning/lolo/lolo_path_planning/scripts) by extensions ['ignore', 'ignore_ament_install']
[0.320s] Level 1:colcon.colcon_core.package_identification:_identify(path_planning/lolo/lolo_path_planning/scripts) by extension 'ignore'
[0.320s] Level 1:colcon.colcon_core.package_identification:_identify(path_planning/lolo/lolo_path_planning/scripts) by extension 'ignore_ament_install'
[0.320s] Level 1:colcon.colcon_core.package_identification:_identify(path_planning/lolo/lolo_path_planning/scripts) by extensions ['colcon_pkg']
[0.320s] Level 1:colcon.colcon_core.package_identification:_identify(path_planning/lolo/lolo_path_planning/scripts) by extension 'colcon_pkg'
[0.320s] Level 1:colcon.colcon_core.package_identification:_identify(path_planning/lolo/lolo_path_planning/scripts) by extensions ['colcon_meta']
[0.320s] Level 1:colcon.colcon_core.package_identification:_identify(path_planning/lolo/lolo_path_planning/scripts) by extension 'colcon_meta'
[0.320s] Level 1:colcon.colcon_core.package_identification:_identify(path_planning/lolo/lolo_path_planning/scripts) by extensions ['ros']
[0.320s] Level 1:colcon.colcon_core.package_identification:_identify(path_planning/lolo/lolo_path_planning/scripts) by extension 'ros'
[0.321s] Level 1:colcon.colcon_core.package_identification:_identify(path_planning/lolo/lolo_path_planning/scripts) by extensions ['cmake', 'python']
[0.321s] Level 1:colcon.colcon_core.package_identification:_identify(path_planning/lolo/lolo_path_planning/scripts) by extension 'cmake'
[0.321s] Level 1:colcon.colcon_core.package_identification:_identify(path_planning/lolo/lolo_path_planning/scripts) by extension 'python'
[0.321s] Level 1:colcon.colcon_core.package_identification:_identify(path_planning/lolo/lolo_path_planning/scripts) by extensions ['python_setup_py']
[0.321s] Level 1:colcon.colcon_core.package_identification:_identify(path_planning/lolo/lolo_path_planning/scripts) by extension 'python_setup_py'
[0.321s] Level 1:colcon.colcon_core.package_identification:_identify(path_planning/sam) by extensions ['ignore', 'ignore_ament_install']
[0.321s] Level 1:colcon.colcon_core.package_identification:_identify(path_planning/sam) by extension 'ignore'
[0.321s] Level 1:colcon.colcon_core.package_identification:_identify(path_planning/sam) by extension 'ignore_ament_install'
[0.321s] Level 1:colcon.colcon_core.package_identification:_identify(path_planning/sam) by extensions ['colcon_pkg']
[0.321s] Level 1:colcon.colcon_core.package_identification:_identify(path_planning/sam) by extension 'colcon_pkg'
[0.321s] Level 1:colcon.colcon_core.package_identification:_identify(path_planning/sam) by extensions ['colcon_meta']
[0.321s] Level 1:colcon.colcon_core.package_identification:_identify(path_planning/sam) by extension 'colcon_meta'
[0.322s] Level 1:colcon.colcon_core.package_identification:_identify(path_planning/sam) by extensions ['ros']
[0.322s] Level 1:colcon.colcon_core.package_identification:_identify(path_planning/sam) by extension 'ros'
[0.322s] Level 1:colcon.colcon_core.package_identification:_identify(path_planning/sam) by extensions ['cmake', 'python']
[0.322s] Level 1:colcon.colcon_core.package_identification:_identify(path_planning/sam) by extension 'cmake'
[0.322s] Level 1:colcon.colcon_core.package_identification:_identify(path_planning/sam) by extension 'python'
[0.322s] Level 1:colcon.colcon_core.package_identification:_identify(path_planning/sam) by extensions ['python_setup_py']
[0.322s] Level 1:colcon.colcon_core.package_identification:_identify(path_planning/sam) by extension 'python_setup_py'
[0.323s] Level 1:colcon.colcon_core.package_identification:_identify(path_planning/sam/sam_path_planning) by extensions ['ignore', 'ignore_ament_install']
[0.323s] Level 1:colcon.colcon_core.package_identification:_identify(path_planning/sam/sam_path_planning) by extension 'ignore'
[0.323s] Level 1:colcon.colcon_core.package_identification:_identify(path_planning/sam/sam_path_planning) by extension 'ignore_ament_install'
[0.323s] Level 1:colcon.colcon_core.package_identification:_identify(path_planning/sam/sam_path_planning) by extensions ['colcon_pkg']
[0.323s] Level 1:colcon.colcon_core.package_identification:_identify(path_planning/sam/sam_path_planning) by extension 'colcon_pkg'
[0.323s] Level 1:colcon.colcon_core.package_identification:_identify(path_planning/sam/sam_path_planning) by extensions ['colcon_meta']
[0.323s] Level 1:colcon.colcon_core.package_identification:_identify(path_planning/sam/sam_path_planning) by extension 'colcon_meta'
[0.323s] Level 1:colcon.colcon_core.package_identification:_identify(path_planning/sam/sam_path_planning) by extensions ['ros']
[0.323s] Level 1:colcon.colcon_core.package_identification:_identify(path_planning/sam/sam_path_planning) by extension 'ros'
[0.324s] DEBUG:colcon.colcon_core.package_identification:Package 'path_planning/sam/sam_path_planning' with type 'ros.ament_python' and name 'sam_path_planning'
[0.325s] Level 1:colcon.colcon_core.package_identification:_identify(perception) by extensions ['ignore', 'ignore_ament_install']
[0.325s] Level 1:colcon.colcon_core.package_identification:_identify(perception) by extension 'ignore'
[0.325s] Level 1:colcon.colcon_core.package_identification:_identify(perception) by extension 'ignore_ament_install'
[0.325s] Level 1:colcon.colcon_core.package_identification:_identify(perception) by extensions ['colcon_pkg']
[0.325s] Level 1:colcon.colcon_core.package_identification:_identify(perception) by extension 'colcon_pkg'
[0.325s] Level 1:colcon.colcon_core.package_identification:_identify(perception) by extensions ['colcon_meta']
[0.325s] Level 1:colcon.colcon_core.package_identification:_identify(perception) by extension 'colcon_meta'
[0.325s] Level 1:colcon.colcon_core.package_identification:_identify(perception) by extensions ['ros']
[0.325s] Level 1:colcon.colcon_core.package_identification:_identify(perception) by extension 'ros'
[0.325s] Level 1:colcon.colcon_core.package_identification:_identify(perception) by extensions ['cmake', 'python']
[0.325s] Level 1:colcon.colcon_core.package_identification:_identify(perception) by extension 'cmake'
[0.326s] Level 1:colcon.colcon_core.package_identification:_identify(perception) by extension 'python'
[0.326s] Level 1:colcon.colcon_core.package_identification:_identify(perception) by extensions ['python_setup_py']
[0.326s] Level 1:colcon.colcon_core.package_identification:_identify(perception) by extension 'python_setup_py'
[0.326s] Level 1:colcon.colcon_core.package_identification:_identify(perception/alars) by extensions ['ignore', 'ignore_ament_install']
[0.326s] Level 1:colcon.colcon_core.package_identification:_identify(perception/alars) by extension 'ignore'
[0.326s] Level 1:colcon.colcon_core.package_identification:_identify(perception/alars) by extension 'ignore_ament_install'
[0.326s] Level 1:colcon.colcon_core.package_identification:_identify(perception/alars) by extensions ['colcon_pkg']
[0.326s] Level 1:colcon.colcon_core.package_identification:_identify(perception/alars) by extension 'colcon_pkg'
[0.326s] Level 1:colcon.colcon_core.package_identification:_identify(perception/alars) by extensions ['colcon_meta']
[0.326s] Level 1:colcon.colcon_core.package_identification:_identify(perception/alars) by extension 'colcon_meta'
[0.327s] Level 1:colcon.colcon_core.package_identification:_identify(perception/alars) by extensions ['ros']
[0.327s] Level 1:colcon.colcon_core.package_identification:_identify(perception/alars) by extension 'ros'
[0.327s] Level 1:colcon.colcon_core.package_identification:_identify(perception/alars) by extensions ['cmake', 'python']
[0.327s] Level 1:colcon.colcon_core.package_identification:_identify(perception/alars) by extension 'cmake'
[0.327s] Level 1:colcon.colcon_core.package_identification:_identify(perception/alars) by extension 'python'
[0.327s] Level 1:colcon.colcon_core.package_identification:_identify(perception/alars) by extensions ['python_setup_py']
[0.327s] Level 1:colcon.colcon_core.package_identification:_identify(perception/alars) by extension 'python_setup_py'
[0.327s] Level 1:colcon.colcon_core.package_identification:_identify(perception/alars/auv_detector) by extensions ['ignore', 'ignore_ament_install']
[0.327s] Level 1:colcon.colcon_core.package_identification:_identify(perception/alars/auv_detector) by extension 'ignore'
[0.328s] Level 1:colcon.colcon_core.package_identification:_identify(perception/alars/auv_detector) by extension 'ignore_ament_install'
[0.328s] Level 1:colcon.colcon_core.package_identification:_identify(perception/alars/auv_detector) by extensions ['colcon_pkg']
[0.328s] Level 1:colcon.colcon_core.package_identification:_identify(perception/alars/auv_detector) by extension 'colcon_pkg'
[0.328s] Level 1:colcon.colcon_core.package_identification:_identify(perception/alars/auv_detector) by extensions ['colcon_meta']
[0.328s] Level 1:colcon.colcon_core.package_identification:_identify(perception/alars/auv_detector) by extension 'colcon_meta'
[0.328s] Level 1:colcon.colcon_core.package_identification:_identify(perception/alars/auv_detector) by extensions ['ros']
[0.328s] Level 1:colcon.colcon_core.package_identification:_identify(perception/alars/auv_detector) by extension 'ros'
[0.329s] DEBUG:colcon.colcon_core.package_identification:Package 'perception/alars/auv_detector' with type 'ros.ament_python' and name 'auv_detector'
[0.329s] Level 1:colcon.colcon_core.package_identification:_identify(perception/alars/auv_yolo_detector) by extensions ['ignore', 'ignore_ament_install']
[0.329s] Level 1:colcon.colcon_core.package_identification:_identify(perception/alars/auv_yolo_detector) by extension 'ignore'
[0.329s] Level 1:colcon.colcon_core.package_identification:_identify(perception/alars/auv_yolo_detector) by extension 'ignore_ament_install'
[0.330s] Level 1:colcon.colcon_core.package_identification:_identify(perception/alars/auv_yolo_detector) by extensions ['colcon_pkg']
[0.330s] Level 1:colcon.colcon_core.package_identification:_identify(perception/alars/auv_yolo_detector) by extension 'colcon_pkg'
[0.330s] Level 1:colcon.colcon_core.package_identification:_identify(perception/alars/auv_yolo_detector) by extensions ['colcon_meta']
[0.330s] Level 1:colcon.colcon_core.package_identification:_identify(perception/alars/auv_yolo_detector) by extension 'colcon_meta'
[0.330s] Level 1:colcon.colcon_core.package_identification:_identify(perception/alars/auv_yolo_detector) by extensions ['ros']
[0.330s] Level 1:colcon.colcon_core.package_identification:_identify(perception/alars/auv_yolo_detector) by extension 'ros'
[0.330s] DEBUG:colcon.colcon_core.package_identification:Package 'perception/alars/auv_yolo_detector' with type 'ros.ament_python' and name 'auv_yolo_detector'
[0.331s] Level 1:colcon.colcon_core.package_identification:_identify(scripts) by extensions ['ignore', 'ignore_ament_install']
[0.331s] Level 1:colcon.colcon_core.package_identification:_identify(scripts) by extension 'ignore'
[0.331s] Level 1:colcon.colcon_core.package_identification:_identify(scripts) by extension 'ignore_ament_install'
[0.331s] Level 1:colcon.colcon_core.package_identification:_identify(scripts) by extensions ['colcon_pkg']
[0.331s] Level 1:colcon.colcon_core.package_identification:_identify(scripts) by extension 'colcon_pkg'
[0.331s] Level 1:colcon.colcon_core.package_identification:_identify(scripts) by extensions ['colcon_meta']
[0.331s] Level 1:colcon.colcon_core.package_identification:_identify(scripts) by extension 'colcon_meta'
[0.331s] Level 1:colcon.colcon_core.package_identification:_identify(scripts) by extensions ['ros']
[0.331s] Level 1:colcon.colcon_core.package_identification:_identify(scripts) by extension 'ros'
[0.332s] Level 1:colcon.colcon_core.package_identification:_identify(scripts) by extensions ['cmake', 'python']
[0.332s] Level 1:colcon.colcon_core.package_identification:_identify(scripts) by extension 'cmake'
[0.332s] Level 1:colcon.colcon_core.package_identification:_identify(scripts) by extension 'python'
[0.332s] Level 1:colcon.colcon_core.package_identification:_identify(scripts) by extensions ['python_setup_py']
[0.332s] Level 1:colcon.colcon_core.package_identification:_identify(scripts) by extension 'python_setup_py'
[0.332s] Level 1:colcon.colcon_core.package_identification:_identify(scripts/rosbag_analyzer) by extensions ['ignore', 'ignore_ament_install']
[0.332s] Level 1:colcon.colcon_core.package_identification:_identify(scripts/rosbag_analyzer) by extension 'ignore'
[0.332s] Level 1:colcon.colcon_core.package_identification:_identify(scripts/rosbag_analyzer) by extension 'ignore_ament_install'
[0.332s] Level 1:colcon.colcon_core.package_identification:_identify(scripts/rosbag_analyzer) by extensions ['colcon_pkg']
[0.332s] Level 1:colcon.colcon_core.package_identification:_identify(scripts/rosbag_analyzer) by extension 'colcon_pkg'
[0.332s] Level 1:colcon.colcon_core.package_identification:_identify(scripts/rosbag_analyzer) by extensions ['colcon_meta']
[0.333s] Level 1:colcon.colcon_core.package_identification:_identify(scripts/rosbag_analyzer) by extension 'colcon_meta'
[0.333s] Level 1:colcon.colcon_core.package_identification:_identify(scripts/rosbag_analyzer) by extensions ['ros']
[0.333s] Level 1:colcon.colcon_core.package_identification:_identify(scripts/rosbag_analyzer) by extension 'ros'
[0.333s] Level 1:colcon.colcon_core.package_identification:_identify(scripts/rosbag_analyzer) by extensions ['cmake', 'python']
[0.333s] Level 1:colcon.colcon_core.package_identification:_identify(scripts/rosbag_analyzer) by extension 'cmake'
[0.333s] Level 1:colcon.colcon_core.package_identification:_identify(scripts/rosbag_analyzer) by extension 'python'
[0.333s] Level 1:colcon.colcon_core.package_identification:_identify(scripts/rosbag_analyzer) by extensions ['python_setup_py']
[0.333s] Level 1:colcon.colcon_core.package_identification:_identify(scripts/rosbag_analyzer) by extension 'python_setup_py'
[0.333s] Level 1:colcon.colcon_core.package_identification:_identify(scripts/rosbag_analyzer/rosbag2_2024_10_15-11_47_37) by extensions ['ignore', 'ignore_ament_install']
[0.333s] Level 1:colcon.colcon_core.package_identification:_identify(scripts/rosbag_analyzer/rosbag2_2024_10_15-11_47_37) by extension 'ignore'
[0.333s] Level 1:colcon.colcon_core.package_identification:_identify(scripts/rosbag_analyzer/rosbag2_2024_10_15-11_47_37) by extension 'ignore_ament_install'
[0.333s] Level 1:colcon.colcon_core.package_identification:_identify(scripts/rosbag_analyzer/rosbag2_2024_10_15-11_47_37) by extensions ['colcon_pkg']
[0.333s] Level 1:colcon.colcon_core.package_identification:_identify(scripts/rosbag_analyzer/rosbag2_2024_10_15-11_47_37) by extension 'colcon_pkg'
[0.333s] Level 1:colcon.colcon_core.package_identification:_identify(scripts/rosbag_analyzer/rosbag2_2024_10_15-11_47_37) by extensions ['colcon_meta']
[0.334s] Level 1:colcon.colcon_core.package_identification:_identify(scripts/rosbag_analyzer/rosbag2_2024_10_15-11_47_37) by extension 'colcon_meta'
[0.334s] Level 1:colcon.colcon_core.package_identification:_identify(scripts/rosbag_analyzer/rosbag2_2024_10_15-11_47_37) by extensions ['ros']
[0.334s] Level 1:colcon.colcon_core.package_identification:_identify(scripts/rosbag_analyzer/rosbag2_2024_10_15-11_47_37) by extension 'ros'
[0.334s] Level 1:colcon.colcon_core.package_identification:_identify(scripts/rosbag_analyzer/rosbag2_2024_10_15-11_47_37) by extensions ['cmake', 'python']
[0.334s] Level 1:colcon.colcon_core.package_identification:_identify(scripts/rosbag_analyzer/rosbag2_2024_10_15-11_47_37) by extension 'cmake'
[0.334s] Level 1:colcon.colcon_core.package_identification:_identify(scripts/rosbag_analyzer/rosbag2_2024_10_15-11_47_37) by extension 'python'
[0.334s] Level 1:colcon.colcon_core.package_identification:_identify(scripts/rosbag_analyzer/rosbag2_2024_10_15-11_47_37) by extensions ['python_setup_py']
[0.334s] Level 1:colcon.colcon_core.package_identification:_identify(scripts/rosbag_analyzer/rosbag2_2024_10_15-11_47_37) by extension 'python_setup_py'
[0.334s] Level 1:colcon.colcon_core.package_identification:_identify(scripts/smarc_bringups) by extensions ['ignore', 'ignore_ament_install']
[0.334s] Level 1:colcon.colcon_core.package_identification:_identify(scripts/smarc_bringups) by extension 'ignore'
[0.335s] Level 1:colcon.colcon_core.package_identification:_identify(scripts/smarc_bringups) by extension 'ignore_ament_install'
[0.335s] Level 1:colcon.colcon_core.package_identification:_identify(scripts/smarc_bringups) by extensions ['colcon_pkg']
[0.335s] Level 1:colcon.colcon_core.package_identification:_identify(scripts/smarc_bringups) by extension 'colcon_pkg'
[0.335s] Level 1:colcon.colcon_core.package_identification:_identify(scripts/smarc_bringups) by extensions ['colcon_meta']
[0.335s] Level 1:colcon.colcon_core.package_identification:_identify(scripts/smarc_bringups) by extension 'colcon_meta'
[0.335s] Level 1:colcon.colcon_core.package_identification:_identify(scripts/smarc_bringups) by extensions ['ros']
[0.335s] Level 1:colcon.colcon_core.package_identification:_identify(scripts/smarc_bringups) by extension 'ros'
[0.335s] DEBUG:colcon.colcon_core.package_identification:Package 'scripts/smarc_bringups' with type 'ros.ament_python' and name 'smarc_bringups'
[0.336s] Level 1:colcon.colcon_core.package_identification:_identify(scripts/tmux_alert) by extensions ['ignore', 'ignore_ament_install']
[0.336s] Level 1:colcon.colcon_core.package_identification:_identify(scripts/tmux_alert) by extension 'ignore'
[0.336s] Level 1:colcon.colcon_core.package_identification:_identify(scripts/tmux_alert) by extension 'ignore_ament_install'
[0.336s] Level 1:colcon.colcon_core.package_identification:_identify(scripts/tmux_alert) by extensions ['colcon_pkg']
[0.336s] Level 1:colcon.colcon_core.package_identification:_identify(scripts/tmux_alert) by extension 'colcon_pkg'
[0.336s] Level 1:colcon.colcon_core.package_identification:_identify(scripts/tmux_alert) by extensions ['colcon_meta']
[0.336s] Level 1:colcon.colcon_core.package_identification:_identify(scripts/tmux_alert) by extension 'colcon_meta'
[0.336s] Level 1:colcon.colcon_core.package_identification:_identify(scripts/tmux_alert) by extensions ['ros']
[0.336s] Level 1:colcon.colcon_core.package_identification:_identify(scripts/tmux_alert) by extension 'ros'
[0.337s] DEBUG:colcon.colcon_core.package_identification:Package 'scripts/tmux_alert' with type 'ros.ament_python' and name 'tmux_alert'
[0.337s] Level 1:colcon.colcon_core.package_identification:_identify(simulation) by extensions ['ignore', 'ignore_ament_install']
[0.337s] Level 1:colcon.colcon_core.package_identification:_identify(simulation) by extension 'ignore'
[0.337s] Level 1:colcon.colcon_core.package_identification:_identify(simulation) ignored
[0.338s] Level 1:colcon.colcon_core.package_identification:_identify(utilities) by extensions ['ignore', 'ignore_ament_install']
[0.338s] Level 1:colcon.colcon_core.package_identification:_identify(utilities) by extension 'ignore'
[0.338s] Level 1:colcon.colcon_core.package_identification:_identify(utilities) by extension 'ignore_ament_install'
[0.338s] Level 1:colcon.colcon_core.package_identification:_identify(utilities) by extensions ['colcon_pkg']
[0.338s] Level 1:colcon.colcon_core.package_identification:_identify(utilities) by extension 'colcon_pkg'
[0.338s] Level 1:colcon.colcon_core.package_identification:_identify(utilities) by extensions ['colcon_meta']
[0.338s] Level 1:colcon.colcon_core.package_identification:_identify(utilities) by extension 'colcon_meta'
[0.338s] Level 1:colcon.colcon_core.package_identification:_identify(utilities) by extensions ['ros']
[0.338s] Level 1:colcon.colcon_core.package_identification:_identify(utilities) by extension 'ros'
[0.338s] Level 1:colcon.colcon_core.package_identification:_identify(utilities) by extensions ['cmake', 'python']
[0.338s] Level 1:colcon.colcon_core.package_identification:_identify(utilities) by extension 'cmake'
[0.338s] Level 1:colcon.colcon_core.package_identification:_identify(utilities) by extension 'python'
[0.338s] Level 1:colcon.colcon_core.package_identification:_identify(utilities) by extensions ['python_setup_py']
[0.338s] Level 1:colcon.colcon_core.package_identification:_identify(utilities) by extension 'python_setup_py'
[0.339s] Level 1:colcon.colcon_core.package_identification:_identify(utilities/dubins_planner) by extensions ['ignore', 'ignore_ament_install']
[0.339s] Level 1:colcon.colcon_core.package_identification:_identify(utilities/dubins_planner) by extension 'ignore'
[0.339s] Level 1:colcon.colcon_core.package_identification:_identify(utilities/dubins_planner) by extension 'ignore_ament_install'
[0.339s] Level 1:colcon.colcon_core.package_identification:_identify(utilities/dubins_planner) by extensions ['colcon_pkg']
[0.339s] Level 1:colcon.colcon_core.package_identification:_identify(utilities/dubins_planner) by extension 'colcon_pkg'
[0.339s] Level 1:colcon.colcon_core.package_identification:_identify(utilities/dubins_planner) by extensions ['colcon_meta']
[0.339s] Level 1:colcon.colcon_core.package_identification:_identify(utilities/dubins_planner) by extension 'colcon_meta'
[0.339s] Level 1:colcon.colcon_core.package_identification:_identify(utilities/dubins_planner) by extensions ['ros']
[0.339s] Level 1:colcon.colcon_core.package_identification:_identify(utilities/dubins_planner) by extension 'ros'
[0.340s] DEBUG:colcon.colcon_core.package_identification:Package 'utilities/dubins_planner' with type 'ros.ament_python' and name 'dubins_planner'
[0.340s] Level 1:colcon.colcon_core.package_identification:_identify(utilities/geofence_checker) by extensions ['ignore', 'ignore_ament_install']
[0.340s] Level 1:colcon.colcon_core.package_identification:_identify(utilities/geofence_checker) by extension 'ignore'
[0.340s] Level 1:colcon.colcon_core.package_identification:_identify(utilities/geofence_checker) by extension 'ignore_ament_install'
[0.341s] Level 1:colcon.colcon_core.package_identification:_identify(utilities/geofence_checker) by extensions ['colcon_pkg']
[0.341s] Level 1:colcon.colcon_core.package_identification:_identify(utilities/geofence_checker) by extension 'colcon_pkg'
[0.341s] Level 1:colcon.colcon_core.package_identification:_identify(utilities/geofence_checker) by extensions ['colcon_meta']
[0.341s] Level 1:colcon.colcon_core.package_identification:_identify(utilities/geofence_checker) by extension 'colcon_meta'
[0.341s] Level 1:colcon.colcon_core.package_identification:_identify(utilities/geofence_checker) by extensions ['ros']
[0.341s] Level 1:colcon.colcon_core.package_identification:_identify(utilities/geofence_checker) by extension 'ros'
[0.341s] DEBUG:colcon.colcon_core.package_identification:Package 'utilities/geofence_checker' with type 'ros.ament_python' and name 'geofence_checker'
[0.342s] Level 1:colcon.colcon_core.package_identification:_identify(utilities/odom_splitter) by extensions ['ignore', 'ignore_ament_install']
[0.342s] Level 1:colcon.colcon_core.package_identification:_identify(utilities/odom_splitter) by extension 'ignore'
[0.342s] Level 1:colcon.colcon_core.package_identification:_identify(utilities/odom_splitter) by extension 'ignore_ament_install'
[0.342s] Level 1:colcon.colcon_core.package_identification:_identify(utilities/odom_splitter) by extensions ['colcon_pkg']
[0.342s] Level 1:colcon.colcon_core.package_identification:_identify(utilities/odom_splitter) by extension 'colcon_pkg'
[0.342s] Level 1:colcon.colcon_core.package_identification:_identify(utilities/odom_splitter) by extensions ['colcon_meta']
[0.342s] Level 1:colcon.colcon_core.package_identification:_identify(utilities/odom_splitter) by extension 'colcon_meta'
[0.342s] Level 1:colcon.colcon_core.package_identification:_identify(utilities/odom_splitter) by extensions ['ros']
[0.342s] Level 1:colcon.colcon_core.package_identification:_identify(utilities/odom_splitter) by extension 'ros'
[0.343s] DEBUG:colcon.colcon_core.package_identification:Package 'utilities/odom_splitter' with type 'ros.ament_python' and name 'odom_splitter'
[0.343s] Level 1:colcon.colcon_core.package_identification:_identify(utilities/serial_ping_pkg) by extensions ['ignore', 'ignore_ament_install']
[0.343s] Level 1:colcon.colcon_core.package_identification:_identify(utilities/serial_ping_pkg) by extension 'ignore'
[0.343s] Level 1:colcon.colcon_core.package_identification:_identify(utilities/serial_ping_pkg) by extension 'ignore_ament_install'
[0.343s] Level 1:colcon.colcon_core.package_identification:_identify(utilities/serial_ping_pkg) by extensions ['colcon_pkg']
[0.343s] Level 1:colcon.colcon_core.package_identification:_identify(utilities/serial_ping_pkg) by extension 'colcon_pkg'
[0.343s] Level 1:colcon.colcon_core.package_identification:_identify(utilities/serial_ping_pkg) by extensions ['colcon_meta']
[0.343s] Level 1:colcon.colcon_core.package_identification:_identify(utilities/serial_ping_pkg) by extension 'colcon_meta'
[0.343s] Level 1:colcon.colcon_core.package_identification:_identify(utilities/serial_ping_pkg) by extensions ['ros']
[0.344s] Level 1:colcon.colcon_core.package_identification:_identify(utilities/serial_ping_pkg) by extension 'ros'
[0.344s] Level 1:colcon.colcon_core.package_identification:_identify(utilities/serial_ping_pkg) by extensions ['cmake', 'python']
[0.344s] Level 1:colcon.colcon_core.package_identification:_identify(utilities/serial_ping_pkg) by extension 'cmake'
[0.344s] Level 1:colcon.colcon_core.package_identification:_identify(utilities/serial_ping_pkg) by extension 'python'
[0.344s] Level 1:colcon.colcon_core.package_identification:_identify(utilities/serial_ping_pkg) by extensions ['python_setup_py']
[0.344s] Level 1:colcon.colcon_core.package_identification:_identify(utilities/serial_ping_pkg) by extension 'python_setup_py'
[0.344s] Level 1:colcon.colcon_core.package_identification:_identify(utilities/smarc_utilities) by extensions ['ignore', 'ignore_ament_install']
[0.344s] Level 1:colcon.colcon_core.package_identification:_identify(utilities/smarc_utilities) by extension 'ignore'
[0.344s] Level 1:colcon.colcon_core.package_identification:_identify(utilities/smarc_utilities) by extension 'ignore_ament_install'
[0.345s] Level 1:colcon.colcon_core.package_identification:_identify(utilities/smarc_utilities) by extensions ['colcon_pkg']
[0.345s] Level 1:colcon.colcon_core.package_identification:_identify(utilities/smarc_utilities) by extension 'colcon_pkg'
[0.345s] Level 1:colcon.colcon_core.package_identification:_identify(utilities/smarc_utilities) by extensions ['colcon_meta']
[0.345s] Level 1:colcon.colcon_core.package_identification:_identify(utilities/smarc_utilities) by extension 'colcon_meta'
[0.345s] Level 1:colcon.colcon_core.package_identification:_identify(utilities/smarc_utilities) by extensions ['ros']
[0.345s] Level 1:colcon.colcon_core.package_identification:_identify(utilities/smarc_utilities) by extension 'ros'
[0.345s] DEBUG:colcon.colcon_core.package_identification:Package 'utilities/smarc_utilities' with type 'ros.ament_python' and name 'smarc_utilities'
[0.346s] Level 1:colcon.colcon_core.package_identification:_identify(utilities/sss_viewer) by extensions ['ignore', 'ignore_ament_install']
[0.346s] Level 1:colcon.colcon_core.package_identification:_identify(utilities/sss_viewer) by extension 'ignore'
[0.346s] Level 1:colcon.colcon_core.package_identification:_identify(utilities/sss_viewer) by extension 'ignore_ament_install'
[0.346s] Level 1:colcon.colcon_core.package_identification:_identify(utilities/sss_viewer) by extensions ['colcon_pkg']
[0.346s] Level 1:colcon.colcon_core.package_identification:_identify(utilities/sss_viewer) by extension 'colcon_pkg'
[0.346s] Level 1:colcon.colcon_core.package_identification:_identify(utilities/sss_viewer) by extensions ['colcon_meta']
[0.346s] Level 1:colcon.colcon_core.package_identification:_identify(utilities/sss_viewer) by extension 'colcon_meta'
[0.346s] Level 1:colcon.colcon_core.package_identification:_identify(utilities/sss_viewer) by extensions ['ros']
[0.346s] Level 1:colcon.colcon_core.package_identification:_identify(utilities/sss_viewer) by extension 'ros'
[0.347s] DEBUG:colcon.colcon_core.package_identification:Package 'utilities/sss_viewer' with type 'ros.ament_cmake' and name 'sss_viewer'
[0.347s] Level 1:colcon.colcon_core.package_identification:_identify(utilities/str_json_mqtt_bridge) by extensions ['ignore', 'ignore_ament_install']
[0.347s] Level 1:colcon.colcon_core.package_identification:_identify(utilities/str_json_mqtt_bridge) by extension 'ignore'
[0.347s] Level 1:colcon.colcon_core.package_identification:_identify(utilities/str_json_mqtt_bridge) by extension 'ignore_ament_install'
[0.347s] Level 1:colcon.colcon_core.package_identification:_identify(utilities/str_json_mqtt_bridge) by extensions ['colcon_pkg']
[0.348s] Level 1:colcon.colcon_core.package_identification:_identify(utilities/str_json_mqtt_bridge) by extension 'colcon_pkg'
[0.348s] Level 1:colcon.colcon_core.package_identification:_identify(utilities/str_json_mqtt_bridge) by extensions ['colcon_meta']
[0.348s] Level 1:colcon.colcon_core.package_identification:_identify(utilities/str_json_mqtt_bridge) by extension 'colcon_meta'
[0.348s] Level 1:colcon.colcon_core.package_identification:_identify(utilities/str_json_mqtt_bridge) by extensions ['ros']
[0.348s] Level 1:colcon.colcon_core.package_identification:_identify(utilities/str_json_mqtt_bridge) by extension 'ros'
[0.348s] DEBUG:colcon.colcon_core.package_identification:Package 'utilities/str_json_mqtt_bridge' with type 'ros.ament_python' and name 'str_json_mqtt_bridge'
[0.349s] Level 1:colcon.colcon_core.package_identification:_identify(utilities/tcp_driver) by extensions ['ignore', 'ignore_ament_install']
[0.349s] Level 1:colcon.colcon_core.package_identification:_identify(utilities/tcp_driver) by extension 'ignore'
[0.349s] Level 1:colcon.colcon_core.package_identification:_identify(utilities/tcp_driver) by extension 'ignore_ament_install'
[0.349s] Level 1:colcon.colcon_core.package_identification:_identify(utilities/tcp_driver) by extensions ['colcon_pkg']
[0.349s] Level 1:colcon.colcon_core.package_identification:_identify(utilities/tcp_driver) by extension 'colcon_pkg'
[0.349s] Level 1:colcon.colcon_core.package_identification:_identify(utilities/tcp_driver) by extensions ['colcon_meta']
[0.349s] Level 1:colcon.colcon_core.package_identification:_identify(utilities/tcp_driver) by extension 'colcon_meta'
[0.349s] Level 1:colcon.colcon_core.package_identification:_identify(utilities/tcp_driver) by extensions ['ros']
[0.349s] Level 1:colcon.colcon_core.package_identification:_identify(utilities/tcp_driver) by extension 'ros'
[0.350s] DEBUG:colcon.colcon_core.package_identification:Package 'utilities/tcp_driver' with type 'ros.ament_python' and name 'tcp_driver'
[0.351s] Level 1:colcon.colcon_core.package_identification:_identify(utilities/udp_driver) by extensions ['ignore', 'ignore_ament_install']
[0.351s] Level 1:colcon.colcon_core.package_identification:_identify(utilities/udp_driver) by extension 'ignore'
[0.351s] Level 1:colcon.colcon_core.package_identification:_identify(utilities/udp_driver) by extension 'ignore_ament_install'
[0.351s] Level 1:colcon.colcon_core.package_identification:_identify(utilities/udp_driver) by extensions ['colcon_pkg']
[0.351s] Level 1:colcon.colcon_core.package_identification:_identify(utilities/udp_driver) by extension 'colcon_pkg'
[0.351s] Level 1:colcon.colcon_core.package_identification:_identify(utilities/udp_driver) by extensions ['colcon_meta']
[0.351s] Level 1:colcon.colcon_core.package_identification:_identify(utilities/udp_driver) by extension 'colcon_meta'
[0.351s] Level 1:colcon.colcon_core.package_identification:_identify(utilities/udp_driver) by extensions ['ros']
[0.351s] Level 1:colcon.colcon_core.package_identification:_identify(utilities/udp_driver) by extension 'ros'
[0.352s] DEBUG:colcon.colcon_core.package_identification:Package 'utilities/udp_driver' with type 'ros.ament_python' and name 'udp_driver'
[0.352s] Level 1:colcon.colcon_core.package_identification:_identify(vehicles) by extensions ['ignore', 'ignore_ament_install']
[0.352s] Level 1:colcon.colcon_core.package_identification:_identify(vehicles) by extension 'ignore'
[0.353s] Level 1:colcon.colcon_core.package_identification:_identify(vehicles) by extension 'ignore_ament_install'
[0.353s] Level 1:colcon.colcon_core.package_identification:_identify(vehicles) by extensions ['colcon_pkg']
[0.353s] Level 1:colcon.colcon_core.package_identification:_identify(vehicles) by extension 'colcon_pkg'
[0.353s] Level 1:colcon.colcon_core.package_identification:_identify(vehicles) by extensions ['colcon_meta']
[0.353s] Level 1:colcon.colcon_core.package_identification:_identify(vehicles) by extension 'colcon_meta'
[0.353s] Level 1:colcon.colcon_core.package_identification:_identify(vehicles) by extensions ['ros']
[0.353s] Level 1:colcon.colcon_core.package_identification:_identify(vehicles) by extension 'ros'
[0.353s] Level 1:colcon.colcon_core.package_identification:_identify(vehicles) by extensions ['cmake', 'python']
[0.353s] Level 1:colcon.colcon_core.package_identification:_identify(vehicles) by extension 'cmake'
[0.353s] Level 1:colcon.colcon_core.package_identification:_identify(vehicles) by extension 'python'
[0.353s] Level 1:colcon.colcon_core.package_identification:_identify(vehicles) by extensions ['python_setup_py']
[0.353s] Level 1:colcon.colcon_core.package_identification:_identify(vehicles) by extension 'python_setup_py'
[0.353s] Level 1:colcon.colcon_core.package_identification:_identify(vehicles/descriptions) by extensions ['ignore', 'ignore_ament_install']
[0.353s] Level 1:colcon.colcon_core.package_identification:_identify(vehicles/descriptions) by extension 'ignore'
[0.353s] Level 1:colcon.colcon_core.package_identification:_identify(vehicles/descriptions) by extension 'ignore_ament_install'
[0.354s] Level 1:colcon.colcon_core.package_identification:_identify(vehicles/descriptions) by extensions ['colcon_pkg']
[0.354s] Level 1:colcon.colcon_core.package_identification:_identify(vehicles/descriptions) by extension 'colcon_pkg'
[0.354s] Level 1:colcon.colcon_core.package_identification:_identify(vehicles/descriptions) by extensions ['colcon_meta']
[0.354s] Level 1:colcon.colcon_core.package_identification:_identify(vehicles/descriptions) by extension 'colcon_meta'
[0.354s] Level 1:colcon.colcon_core.package_identification:_identify(vehicles/descriptions) by extensions ['ros']
[0.354s] Level 1:colcon.colcon_core.package_identification:_identify(vehicles/descriptions) by extension 'ros'
[0.354s] Level 1:colcon.colcon_core.package_identification:_identify(vehicles/descriptions) by extensions ['cmake', 'python']
[0.354s] Level 1:colcon.colcon_core.package_identification:_identify(vehicles/descriptions) by extension 'cmake'
[0.354s] Level 1:colcon.colcon_core.package_identification:_identify(vehicles/descriptions) by extension 'python'
[0.354s] Level 1:colcon.colcon_core.package_identification:_identify(vehicles/descriptions) by extensions ['python_setup_py']
[0.354s] Level 1:colcon.colcon_core.package_identification:_identify(vehicles/descriptions) by extension 'python_setup_py'
[0.354s] Level 1:colcon.colcon_core.package_identification:_identify(vehicles/descriptions/brov2heavy_description) by extensions ['ignore', 'ignore_ament_install']
[0.355s] Level 1:colcon.colcon_core.package_identification:_identify(vehicles/descriptions/brov2heavy_description) by extension 'ignore'
[0.355s] Level 1:colcon.colcon_core.package_identification:_identify(vehicles/descriptions/brov2heavy_description) by extension 'ignore_ament_install'
[0.355s] Level 1:colcon.colcon_core.package_identification:_identify(vehicles/descriptions/brov2heavy_description) by extensions ['colcon_pkg']
[0.355s] Level 1:colcon.colcon_core.package_identification:_identify(vehicles/descriptions/brov2heavy_description) by extension 'colcon_pkg'
[0.355s] Level 1:colcon.colcon_core.package_identification:_identify(vehicles/descriptions/brov2heavy_description) by extensions ['colcon_meta']
[0.355s] Level 1:colcon.colcon_core.package_identification:_identify(vehicles/descriptions/brov2heavy_description) by extension 'colcon_meta'
[0.355s] Level 1:colcon.colcon_core.package_identification:_identify(vehicles/descriptions/brov2heavy_description) by extensions ['ros']
[0.355s] Level 1:colcon.colcon_core.package_identification:_identify(vehicles/descriptions/brov2heavy_description) by extension 'ros'
[0.355s] DEBUG:colcon.colcon_core.package_identification:Package 'vehicles/descriptions/brov2heavy_description' with type 'ros.ament_python' and name 'brov2heavy_description'
[0.356s] Level 1:colcon.colcon_core.package_identification:_identify(vehicles/descriptions/cm_station_description) by extensions ['ignore', 'ignore_ament_install']
[0.356s] Level 1:colcon.colcon_core.package_identification:_identify(vehicles/descriptions/cm_station_description) by extension 'ignore'
[0.356s] Level 1:colcon.colcon_core.package_identification:_identify(vehicles/descriptions/cm_station_description) ignored
[0.356s] Level 1:colcon.colcon_core.package_identification:_identify(vehicles/descriptions/evolo_description) by extensions ['ignore', 'ignore_ament_install']
[0.356s] Level 1:colcon.colcon_core.package_identification:_identify(vehicles/descriptions/evolo_description) by extension 'ignore'
[0.356s] Level 1:colcon.colcon_core.package_identification:_identify(vehicles/descriptions/evolo_description) by extension 'ignore_ament_install'
[0.357s] Level 1:colcon.colcon_core.package_identification:_identify(vehicles/descriptions/evolo_description) by extensions ['colcon_pkg']
[0.357s] Level 1:colcon.colcon_core.package_identification:_identify(vehicles/descriptions/evolo_description) by extension 'colcon_pkg'
[0.357s] Level 1:colcon.colcon_core.package_identification:_identify(vehicles/descriptions/evolo_description) by extensions ['colcon_meta']
[0.357s] Level 1:colcon.colcon_core.package_identification:_identify(vehicles/descriptions/evolo_description) by extension 'colcon_meta'
[0.357s] Level 1:colcon.colcon_core.package_identification:_identify(vehicles/descriptions/evolo_description) by extensions ['ros']
[0.357s] Level 1:colcon.colcon_core.package_identification:_identify(vehicles/descriptions/evolo_description) by extension 'ros'
[0.357s] DEBUG:colcon.colcon_core.package_identification:Package 'vehicles/descriptions/evolo_description' with type 'ros.ament_cmake' and name 'evolo_description'
[0.357s] Level 1:colcon.colcon_core.package_identification:_identify(vehicles/descriptions/floatsam_description) by extensions ['ignore', 'ignore_ament_install']
[0.358s] Level 1:colcon.colcon_core.package_identification:_identify(vehicles/descriptions/floatsam_description) by extension 'ignore'
[0.358s] Level 1:colcon.colcon_core.package_identification:_identify(vehicles/descriptions/floatsam_description) by extension 'ignore_ament_install'
[0.358s] Level 1:colcon.colcon_core.package_identification:_identify(vehicles/descriptions/floatsam_description) by extensions ['colcon_pkg']
[0.358s] Level 1:colcon.colcon_core.package_identification:_identify(vehicles/descriptions/floatsam_description) by extension 'colcon_pkg'
[0.358s] Level 1:colcon.colcon_core.package_identification:_identify(vehicles/descriptions/floatsam_description) by extensions ['colcon_meta']
[0.358s] Level 1:colcon.colcon_core.package_identification:_identify(vehicles/descriptions/floatsam_description) by extension 'colcon_meta'
[0.358s] Level 1:colcon.colcon_core.package_identification:_identify(vehicles/descriptions/floatsam_description) by extensions ['ros']
[0.358s] Level 1:colcon.colcon_core.package_identification:_identify(vehicles/descriptions/floatsam_description) by extension 'ros'
[0.358s] DEBUG:colcon.colcon_core.package_identification:Package 'vehicles/descriptions/floatsam_description' with type 'ros.ament_cmake' and name 'floatsam_description'
[0.359s] Level 1:colcon.colcon_core.package_identification:_identify(vehicles/descriptions/hula_description) by extensions ['ignore', 'ignore_ament_install']
[0.359s] Level 1:colcon.colcon_core.package_identification:_identify(vehicles/descriptions/hula_description) by extension 'ignore'
[0.359s] Level 1:colcon.colcon_core.package_identification:_identify(vehicles/descriptions/hula_description) by extension 'ignore_ament_install'
[0.359s] Level 1:colcon.colcon_core.package_identification:_identify(vehicles/descriptions/hula_description) by extensions ['colcon_pkg']
[0.359s] Level 1:colcon.colcon_core.package_identification:_identify(vehicles/descriptions/hula_description) by extension 'colcon_pkg'
[0.359s] Level 1:colcon.colcon_core.package_identification:_identify(vehicles/descriptions/hula_description) by extensions ['colcon_meta']
[0.359s] Level 1:colcon.colcon_core.package_identification:_identify(vehicles/descriptions/hula_description) by extension 'colcon_meta'
[0.359s] Level 1:colcon.colcon_core.package_identification:_identify(vehicles/descriptions/hula_description) by extensions ['ros']
[0.359s] Level 1:colcon.colcon_core.package_identification:_identify(vehicles/descriptions/hula_description) by extension 'ros'
[0.360s] DEBUG:colcon.colcon_core.package_identification:Package 'vehicles/descriptions/hula_description' with type 'ros.ament_python' and name 'hula_description'
[0.360s] Level 1:colcon.colcon_core.package_identification:_identify(vehicles/descriptions/lolo_description) by extensions ['ignore', 'ignore_ament_install']
[0.360s] Level 1:colcon.colcon_core.package_identification:_identify(vehicles/descriptions/lolo_description) by extension 'ignore'
[0.361s] Level 1:colcon.colcon_core.package_identification:_identify(vehicles/descriptions/lolo_description) by extension 'ignore_ament_install'
[0.361s] Level 1:colcon.colcon_core.package_identification:_identify(vehicles/descriptions/lolo_description) by extensions ['colcon_pkg']
[0.361s] Level 1:colcon.colcon_core.package_identification:_identify(vehicles/descriptions/lolo_description) by extension 'colcon_pkg'
[0.361s] Level 1:colcon.colcon_core.package_identification:_identify(vehicles/descriptions/lolo_description) by extensions ['colcon_meta']
[0.361s] Level 1:colcon.colcon_core.package_identification:_identify(vehicles/descriptions/lolo_description) by extension 'colcon_meta'
[0.361s] Level 1:colcon.colcon_core.package_identification:_identify(vehicles/descriptions/lolo_description) by extensions ['ros']
[0.361s] Level 1:colcon.colcon_core.package_identification:_identify(vehicles/descriptions/lolo_description) by extension 'ros'
[0.361s] DEBUG:colcon.colcon_core.package_identification:Package 'vehicles/descriptions/lolo_description' with type 'ros.ament_cmake' and name 'lolo_description'
[0.362s] Level 1:colcon.colcon_core.package_identification:_identify(vehicles/descriptions/sam_description) by extensions ['ignore', 'ignore_ament_install']
[0.362s] Level 1:colcon.colcon_core.package_identification:_identify(vehicles/descriptions/sam_description) by extension 'ignore'
[0.362s] Level 1:colcon.colcon_core.package_identification:_identify(vehicles/descriptions/sam_description) by extension 'ignore_ament_install'
[0.362s] Level 1:colcon.colcon_core.package_identification:_identify(vehicles/descriptions/sam_description) by extensions ['colcon_pkg']
[0.362s] Level 1:colcon.colcon_core.package_identification:_identify(vehicles/descriptions/sam_description) by extension 'colcon_pkg'
[0.362s] Level 1:colcon.colcon_core.package_identification:_identify(vehicles/descriptions/sam_description) by extensions ['colcon_meta']
[0.362s] Level 1:colcon.colcon_core.package_identification:_identify(vehicles/descriptions/sam_description) by extension 'colcon_meta'
[0.362s] Level 1:colcon.colcon_core.package_identification:_identify(vehicles/descriptions/sam_description) by extensions ['ros']
[0.362s] Level 1:colcon.colcon_core.package_identification:_identify(vehicles/descriptions/sam_description) by extension 'ros'
[0.363s] DEBUG:colcon.colcon_core.package_identification:Package 'vehicles/descriptions/sam_description' with type 'ros.ament_cmake' and name 'sam_description'
[0.363s] Level 1:colcon.colcon_core.package_identification:_identify(vehicles/descriptions/watertank_description) by extensions ['ignore', 'ignore_ament_install']
[0.363s] Level 1:colcon.colcon_core.package_identification:_identify(vehicles/descriptions/watertank_description) by extension 'ignore'
[0.364s] Level 1:colcon.colcon_core.package_identification:_identify(vehicles/descriptions/watertank_description) by extension 'ignore_ament_install'
[0.364s] Level 1:colcon.colcon_core.package_identification:_identify(vehicles/descriptions/watertank_description) by extensions ['colcon_pkg']
[0.364s] Level 1:colcon.colcon_core.package_identification:_identify(vehicles/descriptions/watertank_description) by extension 'colcon_pkg'
[0.364s] Level 1:colcon.colcon_core.package_identification:_identify(vehicles/descriptions/watertank_description) by extensions ['colcon_meta']
[0.364s] Level 1:colcon.colcon_core.package_identification:_identify(vehicles/descriptions/watertank_description) by extension 'colcon_meta'
[0.364s] Level 1:colcon.colcon_core.package_identification:_identify(vehicles/descriptions/watertank_description) by extensions ['ros']
[0.364s] Level 1:colcon.colcon_core.package_identification:_identify(vehicles/descriptions/watertank_description) by extension 'ros'
[0.364s] DEBUG:colcon.colcon_core.package_identification:Package 'vehicles/descriptions/watertank_description' with type 'ros.ament_python' and name 'watertank_description'
[0.365s] Level 1:colcon.colcon_core.package_identification:_identify(vehicles/hardware) by extensions ['ignore', 'ignore_ament_install']
[0.365s] Level 1:colcon.colcon_core.package_identification:_identify(vehicles/hardware) by extension 'ignore'
[0.365s] Level 1:colcon.colcon_core.package_identification:_identify(vehicles/hardware) by extension 'ignore_ament_install'
[0.365s] Level 1:colcon.colcon_core.package_identification:_identify(vehicles/hardware) by extensions ['colcon_pkg']
[0.365s] Level 1:colcon.colcon_core.package_identification:_identify(vehicles/hardware) by extension 'colcon_pkg'
[0.365s] Level 1:colcon.colcon_core.package_identification:_identify(vehicles/hardware) by extensions ['colcon_meta']
[0.365s] Level 1:colcon.colcon_core.package_identification:_identify(vehicles/hardware) by extension 'colcon_meta'
[0.365s] Level 1:colcon.colcon_core.package_identification:_identify(vehicles/hardware) by extensions ['ros']
[0.365s] Level 1:colcon.colcon_core.package_identification:_identify(vehicles/hardware) by extension 'ros'
[0.366s] Level 1:colcon.colcon_core.package_identification:_identify(vehicles/hardware) by extensions ['cmake', 'python']
[0.366s] Level 1:colcon.colcon_core.package_identification:_identify(vehicles/hardware) by extension 'cmake'
[0.366s] Level 1:colcon.colcon_core.package_identification:_identify(vehicles/hardware) by extension 'python'
[0.366s] Level 1:colcon.colcon_core.package_identification:_identify(vehicles/hardware) by extensions ['python_setup_py']
[0.366s] Level 1:colcon.colcon_core.package_identification:_identify(vehicles/hardware) by extension 'python_setup_py'
[0.366s] Level 1:colcon.colcon_core.package_identification:_identify(vehicles/hardware/dji) by extensions ['ignore', 'ignore_ament_install']
[0.366s] Level 1:colcon.colcon_core.package_identification:_identify(vehicles/hardware/dji) by extension 'ignore'
[0.366s] Level 1:colcon.colcon_core.package_identification:_identify(vehicles/hardware/dji) by extension 'ignore_ament_install'
[0.366s] Level 1:colcon.colcon_core.package_identification:_identify(vehicles/hardware/dji) by extensions ['colcon_pkg']
[0.367s] Level 1:colcon.colcon_core.package_identification:_identify(vehicles/hardware/dji) by extension 'colcon_pkg'
[0.367s] Level 1:colcon.colcon_core.package_identification:_identify(vehicles/hardware/dji) by extensions ['colcon_meta']
[0.367s] Level 1:colcon.colcon_core.package_identification:_identify(vehicles/hardware/dji) by extension 'colcon_meta'
[0.367s] Level 1:colcon.colcon_core.package_identification:_identify(vehicles/hardware/dji) by extensions ['ros']
[0.367s] Level 1:colcon.colcon_core.package_identification:_identify(vehicles/hardware/dji) by extension 'ros'
[0.367s] Level 1:colcon.colcon_core.package_identification:_identify(vehicles/hardware/dji) by extensions ['cmake', 'python']
[0.367s] Level 1:colcon.colcon_core.package_identification:_identify(vehicles/hardware/dji) by extension 'cmake'
[0.367s] Level 1:colcon.colcon_core.package_identification:_identify(vehicles/hardware/dji) by extension 'python'
[0.367s] Level 1:colcon.colcon_core.package_identification:_identify(vehicles/hardware/dji) by extensions ['python_setup_py']
[0.367s] Level 1:colcon.colcon_core.package_identification:_identify(vehicles/hardware/dji) by extension 'python_setup_py'
[0.368s] Level 1:colcon.colcon_core.package_identification:_identify(vehicles/hardware/dji/dji_captain) by extensions ['ignore', 'ignore_ament_install']
[0.368s] Level 1:colcon.colcon_core.package_identification:_identify(vehicles/hardware/dji/dji_captain) by extension 'ignore'
[0.368s] Level 1:colcon.colcon_core.package_identification:_identify(vehicles/hardware/dji/dji_captain) by extension 'ignore_ament_install'
[0.368s] Level 1:colcon.colcon_core.package_identification:_identify(vehicles/hardware/dji/dji_captain) by extensions ['colcon_pkg']
[0.368s] Level 1:colcon.colcon_core.package_identification:_identify(vehicles/hardware/dji/dji_captain) by extension 'colcon_pkg'
[0.368s] Level 1:colcon.colcon_core.package_identification:_identify(vehicles/hardware/dji/dji_captain) by extensions ['colcon_meta']
[0.368s] Level 1:colcon.colcon_core.package_identification:_identify(vehicles/hardware/dji/dji_captain) by extension 'colcon_meta'
[0.368s] Level 1:colcon.colcon_core.package_identification:_identify(vehicles/hardware/dji/dji_captain) by extensions ['ros']
[0.368s] Level 1:colcon.colcon_core.package_identification:_identify(vehicles/hardware/dji/dji_captain) by extension 'ros'
[0.369s] DEBUG:colcon.colcon_core.package_identification:Package 'vehicles/hardware/dji/dji_captain' with type 'ros.ament_python' and name 'dji_captain'
[0.369s] Level 1:colcon.colcon_core.package_identification:_identify(vehicles/hardware/dji/psdk_ros2) by extensions ['ignore', 'ignore_ament_install']
[0.369s] Level 1:colcon.colcon_core.package_identification:_identify(vehicles/hardware/dji/psdk_ros2) by extension 'ignore'
[0.369s] Level 1:colcon.colcon_core.package_identification:_identify(vehicles/hardware/dji/psdk_ros2) by extension 'ignore_ament_install'
[0.369s] Level 1:colcon.colcon_core.package_identification:_identify(vehicles/hardware/dji/psdk_ros2) by extensions ['colcon_pkg']
[0.369s] Level 1:colcon.colcon_core.package_identification:_identify(vehicles/hardware/dji/psdk_ros2) by extension 'colcon_pkg'
[0.369s] Level 1:colcon.colcon_core.package_identification:_identify(vehicles/hardware/dji/psdk_ros2) by extensions ['colcon_meta']
[0.369s] Level 1:colcon.colcon_core.package_identification:_identify(vehicles/hardware/dji/psdk_ros2) by extension 'colcon_meta'
[0.369s] Level 1:colcon.colcon_core.package_identification:_identify(vehicles/hardware/dji/psdk_ros2) by extensions ['ros']
[0.370s] Level 1:colcon.colcon_core.package_identification:_identify(vehicles/hardware/dji/psdk_ros2) by extension 'ros'
[0.370s] Level 1:colcon.colcon_core.package_identification:_identify(vehicles/hardware/dji/psdk_ros2) by extensions ['cmake', 'python']
[0.370s] Level 1:colcon.colcon_core.package_identification:_identify(vehicles/hardware/dji/psdk_ros2) by extension 'cmake'
[0.370s] Level 1:colcon.colcon_core.package_identification:_identify(vehicles/hardware/dji/psdk_ros2) by extension 'python'
[0.370s] Level 1:colcon.colcon_core.package_identification:_identify(vehicles/hardware/dji/psdk_ros2) by extensions ['python_setup_py']
[0.370s] Level 1:colcon.colcon_core.package_identification:_identify(vehicles/hardware/dji/psdk_ros2) by extension 'python_setup_py'
[0.370s] Level 1:colcon.colcon_core.package_identification:_identify(vehicles/hardware/lolo) by extensions ['ignore', 'ignore_ament_install']
[0.370s] Level 1:colcon.colcon_core.package_identification:_identify(vehicles/hardware/lolo) by extension 'ignore'
[0.370s] Level 1:colcon.colcon_core.package_identification:_identify(vehicles/hardware/lolo) by extension 'ignore_ament_install'
[0.370s] Level 1:colcon.colcon_core.package_identification:_identify(vehicles/hardware/lolo) by extensions ['colcon_pkg']
[0.370s] Level 1:colcon.colcon_core.package_identification:_identify(vehicles/hardware/lolo) by extension 'colcon_pkg'
[0.371s] Level 1:colcon.colcon_core.package_identification:_identify(vehicles/hardware/lolo) by extensions ['colcon_meta']
[0.371s] Level 1:colcon.colcon_core.package_identification:_identify(vehicles/hardware/lolo) by extension 'colcon_meta'
[0.371s] Level 1:colcon.colcon_core.package_identification:_identify(vehicles/hardware/lolo) by extensions ['ros']
[0.371s] Level 1:colcon.colcon_core.package_identification:_identify(vehicles/hardware/lolo) by extension 'ros'
[0.371s] Level 1:colcon.colcon_core.package_identification:_identify(vehicles/hardware/lolo) by extensions ['cmake', 'python']
[0.371s] Level 1:colcon.colcon_core.package_identification:_identify(vehicles/hardware/lolo) by extension 'cmake'
[0.371s] Level 1:colcon.colcon_core.package_identification:_identify(vehicles/hardware/lolo) by extension 'python'
[0.371s] Level 1:colcon.colcon_core.package_identification:_identify(vehicles/hardware/lolo) by extensions ['python_setup_py']
[0.371s] Level 1:colcon.colcon_core.package_identification:_identify(vehicles/hardware/lolo) by extension 'python_setup_py'
[0.371s] Level 1:colcon.colcon_core.package_identification:_identify(vehicles/hardware/sam) by extensions ['ignore', 'ignore_ament_install']
[0.371s] Level 1:colcon.colcon_core.package_identification:_identify(vehicles/hardware/sam) by extension 'ignore'
[0.371s] Level 1:colcon.colcon_core.package_identification:_identify(vehicles/hardware/sam) by extension 'ignore_ament_install'
[0.371s] Level 1:colcon.colcon_core.package_identification:_identify(vehicles/hardware/sam) by extensions ['colcon_pkg']
[0.371s] Level 1:colcon.colcon_core.package_identification:_identify(vehicles/hardware/sam) by extension 'colcon_pkg'
[0.372s] Level 1:colcon.colcon_core.package_identification:_identify(vehicles/hardware/sam) by extensions ['colcon_meta']
[0.372s] Level 1:colcon.colcon_core.package_identification:_identify(vehicles/hardware/sam) by extension 'colcon_meta'
[0.372s] Level 1:colcon.colcon_core.package_identification:_identify(vehicles/hardware/sam) by extensions ['ros']
[0.372s] Level 1:colcon.colcon_core.package_identification:_identify(vehicles/hardware/sam) by extension 'ros'
[0.372s] Level 1:colcon.colcon_core.package_identification:_identify(vehicles/hardware/sam) by extensions ['cmake', 'python']
[0.372s] Level 1:colcon.colcon_core.package_identification:_identify(vehicles/hardware/sam) by extension 'cmake'
[0.372s] Level 1:colcon.colcon_core.package_identification:_identify(vehicles/hardware/sam) by extension 'python'
[0.372s] Level 1:colcon.colcon_core.package_identification:_identify(vehicles/hardware/sam) by extensions ['python_setup_py']
[0.372s] Level 1:colcon.colcon_core.package_identification:_identify(vehicles/hardware/sam) by extension 'python_setup_py'
[0.372s] Level 1:colcon.colcon_core.package_identification:_identify(vehicles/hardware/sam/sam_drivers) by extensions ['ignore', 'ignore_ament_install']
[0.372s] Level 1:colcon.colcon_core.package_identification:_identify(vehicles/hardware/sam/sam_drivers) by extension 'ignore'
[0.372s] Level 1:colcon.colcon_core.package_identification:_identify(vehicles/hardware/sam/sam_drivers) by extension 'ignore_ament_install'
[0.373s] Level 1:colcon.colcon_core.package_identification:_identify(vehicles/hardware/sam/sam_drivers) by extensions ['colcon_pkg']
[0.373s] Level 1:colcon.colcon_core.package_identification:_identify(vehicles/hardware/sam/sam_drivers) by extension 'colcon_pkg'
[0.373s] Level 1:colcon.colcon_core.package_identification:_identify(vehicles/hardware/sam/sam_drivers) by extensions ['colcon_meta']
[0.373s] Level 1:colcon.colcon_core.package_identification:_identify(vehicles/hardware/sam/sam_drivers) by extension 'colcon_meta'
[0.373s] Level 1:colcon.colcon_core.package_identification:_identify(vehicles/hardware/sam/sam_drivers) by extensions ['ros']
[0.373s] Level 1:colcon.colcon_core.package_identification:_identify(vehicles/hardware/sam/sam_drivers) by extension 'ros'
[0.373s] Level 1:colcon.colcon_core.package_identification:_identify(vehicles/hardware/sam/sam_drivers) by extensions ['cmake', 'python']
[0.373s] Level 1:colcon.colcon_core.package_identification:_identify(vehicles/hardware/sam/sam_drivers) by extension 'cmake'
[0.373s] Level 1:colcon.colcon_core.package_identification:_identify(vehicles/hardware/sam/sam_drivers) by extension 'python'
[0.373s] Level 1:colcon.colcon_core.package_identification:_identify(vehicles/hardware/sam/sam_drivers) by extensions ['python_setup_py']
[0.373s] Level 1:colcon.colcon_core.package_identification:_identify(vehicles/hardware/sam/sam_drivers) by extension 'python_setup_py'
[0.374s] Level 1:colcon.colcon_core.package_identification:_identify(vehicles/hardware/sam/sam_health_checker) by extensions ['ignore', 'ignore_ament_install']
[0.374s] Level 1:colcon.colcon_core.package_identification:_identify(vehicles/hardware/sam/sam_health_checker) by extension 'ignore'
[0.374s] Level 1:colcon.colcon_core.package_identification:_identify(vehicles/hardware/sam/sam_health_checker) by extension 'ignore_ament_install'
[0.374s] Level 1:colcon.colcon_core.package_identification:_identify(vehicles/hardware/sam/sam_health_checker) by extensions ['colcon_pkg']
[0.374s] Level 1:colcon.colcon_core.package_identification:_identify(vehicles/hardware/sam/sam_health_checker) by extension 'colcon_pkg'
[0.374s] Level 1:colcon.colcon_core.package_identification:_identify(vehicles/hardware/sam/sam_health_checker) by extensions ['colcon_meta']
[0.374s] Level 1:colcon.colcon_core.package_identification:_identify(vehicles/hardware/sam/sam_health_checker) by extension 'colcon_meta'
[0.374s] Level 1:colcon.colcon_core.package_identification:_identify(vehicles/hardware/sam/sam_health_checker) by extensions ['ros']
[0.374s] Level 1:colcon.colcon_core.package_identification:_identify(vehicles/hardware/sam/sam_health_checker) by extension 'ros'
[0.375s] DEBUG:colcon.colcon_core.package_identification:Package 'vehicles/hardware/sam/sam_health_checker' with type 'ros.ament_python' and name 'sam_health_checker'
[0.375s] Level 1:colcon.colcon_core.package_identification:_identify(vehicles/hardware/sam/sam_smarc_publisher) by extensions ['ignore', 'ignore_ament_install']
[0.376s] Level 1:colcon.colcon_core.package_identification:_identify(vehicles/hardware/sam/sam_smarc_publisher) by extension 'ignore'
[0.376s] Level 1:colcon.colcon_core.package_identification:_identify(vehicles/hardware/sam/sam_smarc_publisher) by extension 'ignore_ament_install'
[0.376s] Level 1:colcon.colcon_core.package_identification:_identify(vehicles/hardware/sam/sam_smarc_publisher) by extensions ['colcon_pkg']
[0.376s] Level 1:colcon.colcon_core.package_identification:_identify(vehicles/hardware/sam/sam_smarc_publisher) by extension 'colcon_pkg'
[0.376s] Level 1:colcon.colcon_core.package_identification:_identify(vehicles/hardware/sam/sam_smarc_publisher) by extensions ['colcon_meta']
[0.376s] Level 1:colcon.colcon_core.package_identification:_identify(vehicles/hardware/sam/sam_smarc_publisher) by extension 'colcon_meta'
[0.376s] Level 1:colcon.colcon_core.package_identification:_identify(vehicles/hardware/sam/sam_smarc_publisher) by extensions ['ros']
[0.376s] Level 1:colcon.colcon_core.package_identification:_identify(vehicles/hardware/sam/sam_smarc_publisher) by extension 'ros'
[0.377s] DEBUG:colcon.colcon_core.package_identification:Package 'vehicles/hardware/sam/sam_smarc_publisher' with type 'ros.ament_python' and name 'sam_smarc_publisher'
[0.377s] Level 1:colcon.colcon_core.package_discovery:discover_packages(recursive) using defaults
[0.377s] Level 1:colcon.colcon_core.package_discovery:discover_packages(ignore) discover
[0.377s] Level 1:colcon.colcon_core.package_discovery:discover_packages(ignore) using defaults
[0.377s] Level 1:colcon.colcon_core.package_discovery:discover_packages(path) discover
[0.377s] Level 1:colcon.colcon_core.package_discovery:discover_packages(path) using defaults
[0.409s] INFO:colcon.colcon_core.package_selection:Skipping not selected package 'alars' in 'behaviours/alars'
[0.409s] INFO:colcon.colcon_core.package_selection:Skipping not selected package 'alars_auv_search_planner' in 'path_planning/alars/alars_auv_search_planner'
[0.409s] INFO:colcon.colcon_core.package_selection:Skipping not selected package 'auv_detector' in 'perception/alars/auv_detector'
[0.409s] INFO:colcon.colcon_core.package_selection:Skipping not selected package 'auv_yolo_detector' in 'perception/alars/auv_yolo_detector'
[0.409s] INFO:colcon.colcon_core.package_selection:Skipping not selected package 'brov2heavy_description' in 'vehicles/descriptions/brov2heavy_description'
[0.409s] INFO:colcon.colcon_core.package_selection:Skipping not selected package 'brov_dr' in 'navigation/dead_reckoning/brov/brov_dr'
[0.409s] INFO:colcon.colcon_core.package_selection:Skipping not selected package 'brov_teleop' in 'external_equipment/brov/brov_teleop'
[0.409s] INFO:colcon.colcon_core.package_selection:Skipping not selected package 'dead_reckoning_msgs' in 'messages/dead_reckoning_msgs'
[0.409s] INFO:colcon.colcon_core.package_selection:Skipping not selected package 'dji_captain' in 'vehicles/hardware/dji/dji_captain'
[0.409s] INFO:colcon.colcon_core.package_selection:Skipping not selected package 'dji_msgs' in 'messages/dji_msgs'
[0.410s] INFO:colcon.colcon_core.package_selection:Skipping not selected package 'drone_msgs' in 'messages/drone_msgs'
[0.410s] INFO:colcon.colcon_core.package_selection:Skipping not selected package 'dubins_planner' in 'utilities/dubins_planner'
[0.410s] INFO:colcon.colcon_core.package_selection:Skipping not selected package 'evolo_controllers' in 'controllers/evolo/evolo_controllers'
[0.410s] INFO:colcon.colcon_core.package_selection:Skipping not selected package 'evolo_description' in 'vehicles/descriptions/evolo_description'
[0.410s] INFO:colcon.colcon_core.package_selection:Skipping not selected package 'evolo_move_path' in 'behaviours/evolo/evolo_move_path'
[0.410s] INFO:colcon.colcon_core.package_selection:Skipping not selected package 'evolo_move_to' in 'behaviours/evolo/evolo_move_to'
[0.410s] INFO:colcon.colcon_core.package_selection:Skipping not selected package 'evolo_msgs' in 'messages/evolo_msgs'
[0.410s] INFO:colcon.colcon_core.package_selection:Skipping not selected package 'floatsam_description' in 'vehicles/descriptions/floatsam_description'
[0.410s] INFO:colcon.colcon_core.package_selection:Skipping not selected package 'geofence_checker' in 'utilities/geofence_checker'
[0.410s] INFO:colcon.colcon_core.package_selection:Skipping not selected package 'hula_description' in 'vehicles/descriptions/hula_description'
[0.410s] INFO:colcon.colcon_core.package_selection:Skipping not selected package 'lolo_2d_path_planner' in 'path_planning/lolo/lolo_path_planning/lolo_2d_path_planner'
[0.410s] INFO:colcon.colcon_core.package_selection:Skipping not selected package 'lolo_controllers' in 'controllers/lolo/lolo_controllers'
[0.410s] INFO:colcon.colcon_core.package_selection:Skipping not selected package 'lolo_msgs' in 'messages/lolo_msgs'
[0.410s] INFO:colcon.colcon_core.package_selection:Skipping not selected package 'lolo_prox_ops' in 'behaviours/lolo/lolo_prox_ops'
[0.410s] INFO:colcon.colcon_core.package_selection:Skipping not selected package 'mqtt_bridge' in 'external_packages/mqtt_bridge'
[0.410s] INFO:colcon.colcon_core.package_selection:Skipping not selected package 'odom_splitter' in 'utilities/odom_splitter'
[0.410s] INFO:colcon.colcon_core.package_selection:Skipping not selected package 'ros2_python_examples' in 'examples/ros2_python_examples'
[0.410s] INFO:colcon.colcon_core.package_selection:Skipping not selected package 'sam_description' in 'vehicles/descriptions/sam_description'
[0.410s] INFO:colcon.colcon_core.package_selection:Skipping not selected package 'sam_diving_controller' in 'behaviours/sam/sam_diving_controller'
[0.411s] INFO:colcon.colcon_core.package_selection:Skipping not selected package 'sam_graph_slam_2_msgs' in 'messages/sam_graph_slam_2_msgs'
[0.411s] INFO:colcon.colcon_core.package_selection:Skipping not selected package 'sam_joy_teleop' in 'external_equipment/sam/sam_joy_controllers/sam_joy_teleop'
[0.411s] INFO:colcon.colcon_core.package_selection:Skipping not selected package 'sam_path_following' in 'behaviours/sam/sam_path_following'
[0.411s] INFO:colcon.colcon_core.package_selection:Skipping not selected package 'sam_smarc_publisher' in 'vehicles/hardware/sam/sam_smarc_publisher'
[0.411s] INFO:colcon.colcon_core.package_selection:Skipping not selected package 'smarc_action_base' in 'behaviours/smarc_action_base'
[0.411s] INFO:colcon.colcon_core.package_selection:Skipping not selected package 'smarc_bringups' in 'scripts/smarc_bringups'
[0.411s] INFO:colcon.colcon_core.package_selection:Skipping not selected package 'smarc_mission_msgs' in 'messages/smarc_mission_msgs'
[0.411s] INFO:colcon.colcon_core.package_selection:Skipping not selected package 'smarc_msgs' in 'messages/smarc_msgs'
[0.411s] INFO:colcon.colcon_core.package_selection:Skipping not selected package 'smarc_utilities' in 'utilities/smarc_utilities'
[0.411s] INFO:colcon.colcon_core.package_selection:Skipping not selected package 'sss_viewer' in 'utilities/sss_viewer'
[0.411s] INFO:colcon.colcon_core.package_selection:Skipping not selected package 'str_json_mqtt_bridge' in 'utilities/str_json_mqtt_bridge'
[0.411s] INFO:colcon.colcon_core.package_selection:Skipping not selected package 'tcp_driver' in 'utilities/tcp_driver'
[0.411s] INFO:colcon.colcon_core.package_selection:Skipping not selected package 'tmux_alert' in 'scripts/tmux_alert'
[0.411s] INFO:colcon.colcon_core.package_selection:Skipping not selected package 'udp_driver' in 'utilities/udp_driver'
[0.411s] INFO:colcon.colcon_core.package_selection:Skipping not selected package 'wasp_bt' in 'behaviours/wasp_bt'
[0.411s] INFO:colcon.colcon_core.package_selection:Skipping not selected package 'watertank_description' in 'vehicles/descriptions/watertank_description'
[0.411s] INFO:colcon.colcon_core.package_selection:Skipping not selected package 'watertank_utils' in 'external_equipment/tank/watertank_utils'
[0.411s] INFO:colcon.colcon_core.package_selection:Skipping not selected package 'workshopfun' in 'examples/workshopfun'
[0.411s] INFO:colcon.colcon_core.package_selection:Skipping not selected package 'go_to_geopoint' in 'behaviours/go_to_geopoint'
[0.411s] INFO:colcon.colcon_core.package_selection:Skipping not selected package 'go_to_hydrobaticpoint' in 'behaviours/sam/go_to_hydrobaticpoint'
[0.411s] INFO:colcon.colcon_core.package_selection:Skipping not selected package 'lolo_cruise_depth_at_heading' in 'behaviours/lolo/lolo_cruise_depth_at_heading'
[0.412s] INFO:colcon.colcon_core.package_selection:Skipping not selected package 'lolo_depth_move_to' in 'behaviours/lolo/lolo_depth_move_to'
[0.412s] INFO:colcon.colcon_core.package_selection:Skipping not selected package 'lolo_description' in 'vehicles/descriptions/lolo_description'
[0.412s] INFO:colcon.colcon_core.package_selection:Skipping not selected package 'lolo_emergency_action' in 'behaviours/lolo/lolo_emergency_action'
[0.412s] INFO:colcon.colcon_core.package_selection:Skipping not selected package 'lolo_loiter' in 'behaviours/lolo/lolo_loiter'
[0.412s] INFO:colcon.colcon_core.package_selection:Skipping not selected package 'sam_emergency_action' in 'behaviours/sam/sam_emergency_action'
[0.412s] INFO:colcon.colcon_core.package_selection:Skipping not selected package 'sam_msgs' in 'messages/sam_msgs'
[0.412s] INFO:colcon.colcon_core.package_selection:Skipping not selected package 'virtual_lolo' in 'behaviours/lolo/virtual_lolo'
[0.412s] INFO:colcon.colcon_core.package_selection:Skipping not selected package 'piml_msgs' in 'external_packages/smarc_modelling/src/smarc_modelling/piml/piml_msgs'
[0.412s] INFO:colcon.colcon_core.package_selection:Skipping not selected package 'sam_basic_controllers' in 'examples/sam_basic_controllers'
[0.412s] INFO:colcon.colcon_core.package_selection:Skipping not selected package 'sam_health_checker' in 'vehicles/hardware/sam/sam_health_checker'
[0.412s] INFO:colcon.colcon_core.package_selection:Skipping not selected package 'sam_joy_xbox' in 'external_equipment/sam/sam_joy_controllers/sam_joy_controllers/sam_joy_xbox'
[0.412s] INFO:colcon.colcon_core.package_selection:Skipping not selected package 'smarc_control_msgs' in 'messages/smarc_control_msgs'
[0.412s] INFO:colcon.colcon_core.package_selection:Skipping not selected package 'sam_path_planning' in 'path_planning/sam/sam_path_planning'
[0.412s] Level 5:colcon.colcon_core.verb:set package 'ros_tcp_endpoint' build argument 'cmake_args' from command line to 'None'
[0.413s] Level 5:colcon.colcon_core.verb:set package 'ros_tcp_endpoint' build argument 'cmake_target' from command line to 'None'
[0.413s] Level 5:colcon.colcon_core.verb:set package 'ros_tcp_endpoint' build argument 'cmake_target_skip_unavailable' from command line to 'False'
[0.413s] Level 5:colcon.colcon_core.verb:set package 'ros_tcp_endpoint' build argument 'cmake_clean_cache' from command line to 'False'
[0.413s] Level 5:colcon.colcon_core.verb:set package 'ros_tcp_endpoint' build argument 'cmake_clean_first' from command line to 'False'
[0.413s] Level 5:colcon.colcon_core.verb:set package 'ros_tcp_endpoint' build argument 'cmake_force_configure' from command line to 'False'
[0.413s] Level 5:colcon.colcon_core.verb:set package 'ros_tcp_endpoint' build argument 'ament_cmake_args' from command line to 'None'
[0.413s] Level 5:colcon.colcon_core.verb:set package 'ros_tcp_endpoint' build argument 'catkin_cmake_args' from command line to 'None'
[0.413s] Level 5:colcon.colcon_core.verb:set package 'ros_tcp_endpoint' build argument 'catkin_skip_building_tests' from command line to 'False'
[0.413s] DEBUG:colcon.colcon_core.verb:Building package 'ros_tcp_endpoint' with the following arguments: {'ament_cmake_args': None, 'build_base': '/home/smarc2user/colcon_ws/src/smarc2/build/ros_tcp_endpoint', 'catkin_cmake_args': None, 'catkin_skip_building_tests': False, 'cmake_args': None, 'cmake_clean_cache': False, 'cmake_clean_first': False, 'cmake_force_configure': False, 'cmake_target': None, 'cmake_target_skip_unavailable': False, 'install_base': '/home/smarc2user/colcon_ws/src/smarc2/install/ros_tcp_endpoint', 'merge_install': False, 'path': '/home/smarc2user/colcon_ws/src/smarc2/external_packages/ROS-TCP-Endpoint', 'symlink_install': True, 'test_result_base': None}
[0.413s] INFO:colcon.colcon_core.executor:Executing jobs using 'parallel' executor
[0.414s] DEBUG:colcon.colcon_parallel_executor.executor.parallel:run_until_complete
[0.414s] INFO:colcon.colcon_ros.task.ament_python.build:Building ROS package in '/home/smarc2user/colcon_ws/src/smarc2/external_packages/ROS-TCP-Endpoint' with build type 'ament_python'
[0.414s] Level 1:colcon.colcon_core.shell:create_environment_hook('ros_tcp_endpoint', 'ament_prefix_path')
[0.417s] INFO:colcon.colcon_core.plugin_system:Skipping extension 'colcon_core.shell.bat': Not used on non-Windows systems
[0.417s] INFO:colcon.colcon_core.shell:Creating environment hook '/home/smarc2user/colcon_ws/src/smarc2/install/ros_tcp_endpoint/share/ros_tcp_endpoint/hook/ament_prefix_path.ps1'
[0.419s] INFO:colcon.colcon_core.shell:Creating environment descriptor '/home/smarc2user/colcon_ws/src/smarc2/install/ros_tcp_endpoint/share/ros_tcp_endpoint/hook/ament_prefix_path.dsv'
[0.420s] INFO:colcon.colcon_core.shell:Creating environment hook '/home/smarc2user/colcon_ws/src/smarc2/install/ros_tcp_endpoint/share/ros_tcp_endpoint/hook/ament_prefix_path.sh'
[0.421s] INFO:colcon.colcon_core.shell:Skip shell extension 'powershell' for command environment: Not usable outside of PowerShell
[0.421s] DEBUG:colcon.colcon_core.shell:Skip shell extension 'dsv' for command environment
[0.422s] WARNING:colcon.colcon_ros.prefix_path.ament:The path '/home/smarc2user/colcon_ws/install/piml_msgs' in the environment variable AMENT_PREFIX_PATH doesn't exist
[0.423s] WARNING:colcon.colcon_ros.prefix_path.ament:The path '/home/smarc2user/colcon_ws/install/ros_tcp_endpoint' in the environment variable AMENT_PREFIX_PATH doesn't exist
[0.423s] WARNING:colcon.colcon_ros.prefix_path.ament:The path '/home/smarc2user/colcon_ws/install/mqtt_bridge' in the environment variable AMENT_PREFIX_PATH doesn't exist
[0.424s] WARNING:colcon.colcon_ros.prefix_path.catkin:The path '/home/smarc2user/colcon_ws/install/piml_msgs' in the environment variable CMAKE_PREFIX_PATH doesn't exist
[0.586s] INFO:colcon.colcon_core.task.python.build:Building Python package in '/home/smarc2user/colcon_ws/src/smarc2/external_packages/ROS-TCP-Endpoint'
[0.586s] INFO:colcon.colcon_core.shell:Skip shell extension 'powershell' for command environment: Not usable outside of PowerShell
[0.587s] DEBUG:colcon.colcon_core.shell:Skip shell extension 'dsv' for command environment
[0.819s] DEBUG:colcon.colcon_core.event_handler.log_command:Invoking command in '/home/smarc2user/colcon_ws/src/smarc2/build/ros_tcp_endpoint': PYTHONPATH=/home/smarc2user/colcon_ws/src/smarc2/build/ros_tcp_endpoint/prefix_override:/usr/lib/python3/dist-packages/colcon_core/task/python/colcon_distutils_commands:/home/smarc2user/colcon_ws/src/smarc2/install/ros_tcp_endpoint/lib/python3.10/site-packages:${PYTHONPATH} /usr/bin/python3 -W ignore:setup.py install is deprecated -W ignore:easy_install command is deprecated setup.py develop --editable --build-directory /home/smarc2user/colcon_ws/src/smarc2/build/ros_tcp_endpoint/build --no-deps symlink_data
[1.091s] Level 1:colcon.colcon_core.shell:create_environment_hook('ros_tcp_endpoint', 'pythonpath_develop')
[1.091s] INFO:colcon.colcon_core.shell:Creating environment hook '/home/smarc2user/colcon_ws/src/smarc2/build/ros_tcp_endpoint/share/ros_tcp_endpoint/hook/pythonpath_develop.ps1'
[1.092s] DEBUG:colcon.colcon_core.event_handler.log_command:Invoked command in '/home/smarc2user/colcon_ws/src/smarc2/build/ros_tcp_endpoint' returned '0': PYTHONPATH=/home/smarc2user/colcon_ws/src/smarc2/build/ros_tcp_endpoint/prefix_override:/usr/lib/python3/dist-packages/colcon_core/task/python/colcon_distutils_commands:/home/smarc2user/colcon_ws/src/smarc2/install/ros_tcp_endpoint/lib/python3.10/site-packages:${PYTHONPATH} /usr/bin/python3 -W ignore:setup.py install is deprecated -W ignore:easy_install command is deprecated setup.py develop --editable --build-directory /home/smarc2user/colcon_ws/src/smarc2/build/ros_tcp_endpoint/build --no-deps symlink_data
[1.093s] INFO:colcon.colcon_core.shell:Creating environment descriptor '/home/smarc2user/colcon_ws/src/smarc2/build/ros_tcp_endpoint/share/ros_tcp_endpoint/hook/pythonpath_develop.dsv'
[1.094s] INFO:colcon.colcon_core.shell:Creating environment hook '/home/smarc2user/colcon_ws/src/smarc2/build/ros_tcp_endpoint/share/ros_tcp_endpoint/hook/pythonpath_develop.sh'
[1.097s] Level 1:colcon.colcon_core.environment:checking '/home/smarc2user/colcon_ws/src/smarc2/install/ros_tcp_endpoint' for CMake module files
[1.098s] Level 1:colcon.colcon_core.environment:checking '/home/smarc2user/colcon_ws/src/smarc2/install/ros_tcp_endpoint' for CMake config files
[1.100s] Level 1:colcon.colcon_core.environment:checking '/home/smarc2user/colcon_ws/src/smarc2/install/ros_tcp_endpoint/lib'
[1.100s] Level 1:colcon.colcon_core.environment:checking '/home/smarc2user/colcon_ws/src/smarc2/install/ros_tcp_endpoint/bin'
[1.100s] Level 1:colcon.colcon_core.environment:checking '/home/smarc2user/colcon_ws/src/smarc2/install/ros_tcp_endpoint/lib/pkgconfig/ros_tcp_endpoint.pc'
[1.100s] Level 1:colcon.colcon_core.environment:checking '/home/smarc2user/colcon_ws/src/smarc2/install/ros_tcp_endpoint/lib/python3.10/site-packages'
[1.100s] Level 1:colcon.colcon_core.shell:create_environment_hook('ros_tcp_endpoint', 'pythonpath')
[1.100s] INFO:colcon.colcon_core.shell:Creating environment hook '/home/smarc2user/colcon_ws/src/smarc2/install/ros_tcp_endpoint/share/ros_tcp_endpoint/hook/pythonpath.ps1'
[1.101s] INFO:colcon.colcon_core.shell:Creating environment descriptor '/home/smarc2user/colcon_ws/src/smarc2/install/ros_tcp_endpoint/share/ros_tcp_endpoint/hook/pythonpath.dsv'
[1.102s] INFO:colcon.colcon_core.shell:Creating environment hook '/home/smarc2user/colcon_ws/src/smarc2/install/ros_tcp_endpoint/share/ros_tcp_endpoint/hook/pythonpath.sh'
[1.102s] Level 1:colcon.colcon_core.environment:checking '/home/smarc2user/colcon_ws/src/smarc2/install/ros_tcp_endpoint/bin'
[1.102s] Level 1:colcon.colcon_core.environment:create_environment_scripts_only(ros_tcp_endpoint)
[1.103s] INFO:colcon.colcon_core.shell:Creating package script '/home/smarc2user/colcon_ws/src/smarc2/install/ros_tcp_endpoint/share/ros_tcp_endpoint/package.ps1'
[1.103s] INFO:colcon.colcon_core.shell:Creating package descriptor '/home/smarc2user/colcon_ws/src/smarc2/install/ros_tcp_endpoint/share/ros_tcp_endpoint/package.dsv'
[1.104s] INFO:colcon.colcon_core.shell:Creating package script '/home/smarc2user/colcon_ws/src/smarc2/install/ros_tcp_endpoint/share/ros_tcp_endpoint/package.sh'
[1.105s] INFO:colcon.colcon_core.shell:Creating package script '/home/smarc2user/colcon_ws/src/smarc2/install/ros_tcp_endpoint/share/ros_tcp_endpoint/package.bash'
[1.105s] INFO:colcon.colcon_core.shell:Creating package script '/home/smarc2user/colcon_ws/src/smarc2/install/ros_tcp_endpoint/share/ros_tcp_endpoint/package.zsh'
[1.106s] Level 1:colcon.colcon_core.environment:create_file_with_runtime_dependencies(/home/smarc2user/colcon_ws/src/smarc2/install/ros_tcp_endpoint/share/colcon-core/packages/ros_tcp_endpoint)
[1.106s] DEBUG:colcon.colcon_parallel_executor.executor.parallel:closing loop
[1.106s] DEBUG:colcon.colcon_parallel_executor.executor.parallel:loop closed
[1.107s] DEBUG:colcon.colcon_parallel_executor.executor.parallel:run_until_complete finished with '0'
[1.107s] DEBUG:colcon.colcon_core.event_reactor:joining thread
[1.112s] INFO:colcon.colcon_core.plugin_system:Skipping extension 'colcon_notification.desktop_notification.notify_send': Could not find 'notify-send'
[1.112s] INFO:colcon.colcon_core.plugin_system:Skipping extension 'colcon_notification.desktop_notification.terminal_notifier': Not used on non-Darwin systems
[1.112s] INFO:colcon.colcon_core.plugin_system:Skipping extension 'colcon_notification.desktop_notification.win32': Not used on non-Windows systems
[1.112s] INFO:colcon.colcon_notification.desktop_notification:Sending desktop notification using 'notify2'
[1.112s] DEBUG:colcon.colcon_notification.desktop_notification.notify2:Failed to initialize notify2: org.freedesktop.DBus.Error.NotSupported: Unable to autolaunch a dbus-daemon without a $DISPLAY for X11
[1.112s] DEBUG:colcon.colcon_core.event_reactor:joined thread
[1.112s] INFO:colcon.colcon_core.shell:Creating prefix script '/home/smarc2user/colcon_ws/src/smarc2/install/local_setup.ps1'
[1.113s] INFO:colcon.colcon_core.shell:Creating prefix util module '/home/smarc2user/colcon_ws/src/smarc2/install/_local_setup_util_ps1.py'
[1.114s] INFO:colcon.colcon_core.shell:Creating prefix chain script '/home/smarc2user/colcon_ws/src/smarc2/install/setup.ps1'
[1.116s] INFO:colcon.colcon_core.shell:Creating prefix script '/home/smarc2user/colcon_ws/src/smarc2/install/local_setup.sh'
[1.117s] INFO:colcon.colcon_core.shell:Creating prefix util module '/home/smarc2user/colcon_ws/src/smarc2/install/_local_setup_util_sh.py'
[1.117s] INFO:colcon.colcon_core.shell:Creating prefix chain script '/home/smarc2user/colcon_ws/src/smarc2/install/setup.sh'
[1.119s] INFO:colcon.colcon_core.shell:Creating prefix script '/home/smarc2user/colcon_ws/src/smarc2/install/local_setup.bash'
[1.119s] INFO:colcon.colcon_core.shell:Creating prefix chain script '/home/smarc2user/colcon_ws/src/smarc2/install/setup.bash'
[1.121s] INFO:colcon.colcon_core.shell:Creating prefix script '/home/smarc2user/colcon_ws/src/smarc2/install/local_setup.zsh'
[1.121s] INFO:colcon.colcon_core.shell:Creating prefix chain script '/home/smarc2user/colcon_ws/src/smarc2/install/setup.zsh'
